No,Provinsi,Kab_Kota,Kecamatan,Puskesmas,Kelurahan,Bulan,Tahun,Sasaran_Balita,Balita_Bulan_Ini,Balita_Ditimbang,Pct_Balita_Ditimbang,Balita_Ditimbang_Diukur,Pct_Balita_Ditimbang_Diukur,Balita_Diukur_PB_TB,Pct_Balita_Diukur_PB_TB,Balita_Punya_KIA,Pct_Balita_Punya_KIA,Balita_Naik_BB_N,Balita_Tidak_Naik_BB_T,Balita_Tidak_Timbang_Bulan_Lalu_O,Bayi_Baru_Lahir_Bulan_Ini_B,Balita_Ditimbang_Terkoreksi_D,Pct_Balita_Ditimbang_Terkoreksi,Jml_Balita_Stunting,Pct_Balita_Stunting,Jml_Balita_Wasting,Pct_Balita_Wasting,Jml_Balita_Overweight,Pct_Balita_Overweight,Jml_Balita_Underweight,Pct_Balita_Underweight,Jml_Bayi_Dapat_IMD,Pct_Bayi_Dapat_IMD,Jml_Bayi_0_5_Bulan,Jml_Bayi_0_5_Bulan_Recall,Jml_Bayi_0_5_Bulan_ASI_Eksklusif_Recall,Pct_Bayi_0_5_Bulan_ASI_Eksklusif_Recall,Jml_Bayi_6_Bulan,Jml_Bayi_ASI_Eksklusif_6_Bulan,Pct_Bayi_ASI_Eksklusif_6_Bulan,Jml_Anak_6_23_Bulan,Jml_Anak_6_23_Bulan_Wawancara,Pct_Anak_6_23_Bulan_Wawancara,Jml_Anak_6_23_Bulan_Konsumsi_5_8_Kelompok,Pct_Anak_6_23_Bulan_Konsumsi_5_8_Kelompok,Jml_Anak_6_23_Bulan_Konsumsi_Telur_Ikan_Daging,Pct_Anak_6_23_Bulan_Konsumsi_Telur_Ikan_Daging,Jml_Anak_6_23_Bulan_MPASI_Baik,Pct_Anak_6_23_Bulan_MPASI_Baik,Jml_Bayi_6_11_Bulan,Jml_Bayi_6_11_Bulan_Vitamin_A,Pct_Bayi_6_11_Bulan_Vitamin_A,Jml_Anak_12_59_Bulan,Jml_Anak_12_59_Bulan_Vitamin_A,Pct_Anak_12_59_Bulan_Vitamin_A,Jml_Anak_12_59_Bulan_Vitamin_A_2x,Jml_Balita_Underweight_Total,Jml_Balita_Suplemen_Gizi_Mikro,Jml_Balita_Gizi_Kurang_6_59_Bulan,Jml_Balita_Gizi_Kurang_6_59_Bulan_MT_Lokal,Pct_Balita_Gizi_Kurang_MT_Lokal,Jml_Balita_BB_Kurang_6_59_Bulan,Jml_Balita_BB_Kurang_6_59_Bulan_MT_Lokal,Pct_Balita_BB_Kurang_MT_Lokal,Jml_Balita_BB_Tidak_Naik_6_59_Bulan,Jml_Balita_BB_Tidak_Naik_6_59_Bulan_MT_Lokal,Pct_Balita_BB_Tidak_Naik_MT_Lokal,Jml_Gizi_Buruk_Bayi_0_5_Bulan,Jml_Gizi_Buruk_Bayi_0_5_Bulan_Perawatan,Pct_Gizi_Buruk_Bayi_0_5_Bulan_Perawatan,Jml_Gizi_Buruk_Balita_6_59_Bulan,Jml_Gizi_Buruk_Balita_6_59_Bulan_Perawatan,Pct_Gizi_Buruk_Balita_6_59_Bulan_Perawatan,Jml_Balita_Stunting_Total,Jml_Balita_Stunting_Rujuk_PKM_RS,Pct_Balita_Stunting_Rujuk_PKM_RS,Waktu_Input
1,KALIMANTAN TIMUR,KOTA BONTANG,BONTANG SELATAN,BONTANG LESTARI,BONTANG LESTARI,Desember,2025,440,552,517,93.66,517, 93.66 ,517, 93.66 ,549, 99.46 ,210,300,7,0,510, 41.18 ,114, 22.05 ,40, 7.74 ,8, 1.55 ,105, 20.31 ,0,0,0,0,0,0,9,5, 55.56 ,147,145, 98.64 ,93, 64.14 ,139, 95.86 ,91, 62.76 ,0,0,0,0,0,0,0,198,73,155,62,40,72,0,0,204,0,0,0,0,0,2,2,100,240,65,27.08,23/01/2026 20:05
2,KALIMANTAN TIMUR,KOTA BONTANG,BONTANG SELATAN,BONTANG SELATAN I,SATIMPO,Desember,2025,781,317,167,52.68,167, 52.68 ,167, 52.68 ,316, 99.68 ,88,74,5,0,162, 54.32 ,31, 18.56 ,5, 2.99 ,4, 2.40 ,17, 10.18 ,0,0,0,0,0,0,2,1, 50.00 ,97,75, 77.32 ,75, 100.00 ,75, 100.00 ,75, 100.00 ,0,0,0,0,0,0,0,59,41,18,12,66.67,13,0,0,51,0,0,0,0,0,0,0,0,98,3,3.06,5/1/2026 9:25
3,KALIMANTAN TIMUR,KOTA BONTANG,BONTANG SELATAN,BONTANG SELATAN I,Tanjung Laut,Desember,2025,1537,768,711,92.58,711, 92.58 ,711, 92.58 ,768, 100.00 ,368,335,8,0,703, 52.35 ,161, 22.64 ,46, 6.47 ,21, 2.95 ,119, 16.74 ,0,0,0,0,0,0,8,4, 50.00 ,187,172, 91.98 ,170, 98.84 ,172, 100.00 ,170, 98.84 ,0,0,0,0,0,0,0,172,112,66,56,84.85,83,0,0,218,0,0,0,0,0,4,4,100,268,7,2.61,5/1/2026 9:35
4,KALIMANTAN TIMUR,KOTA BONTANG,BONTANG SELATAN,BONTANG SELATAN I,TANJUNG LAUT INDAH,Desember,2025,1324,757,354,46.76,354, 46.76 ,354, 46.76 ,757, 100.00 ,159,181,14,0,340, 46.76 ,103, 29.10 ,32, 9.40 ,6, 1.69 ,84, 23.73 ,0,0,0,0,0,0,11,6, 54.55 ,217,157, 72.35 ,155, 98.73 ,157, 100.00 ,155, 98.73 ,0,0,0,0,0,0,0,206,116,65,55,84.62,55,0,0,113,0,0,1,1,100,1,1,100,246,15,6.1,23/01/2026 7:50
5,KALIMANTAN TIMUR,KOTA BONTANG,BONTANG SELATAN,BONTANG SELATAN II,BEREBAS PANTAI,Desember,2025,949,501,316,63.07,316, 63.07 ,316, 63.07 ,501, 100.00 ,174,139,2,1,313, 55.59 ,79, 25.00 ,21, 6.65 ,7, 2.22 ,53, 16.77 ,1,100,0,0,0,0,5,3, 60.00 ,115,74, 64.35 ,68, 91.89 ,70, 94.59 ,68, 91.89 ,0,0,0,0,0,0,0,203,161,116,20,17.24,33,0,0,87,0,0,0,0,0,2,2,100,248,18,7.26,12/1/2026 9:48
6,KALIMANTAN TIMUR,KOTA BONTANG,BONTANG SELATAN,BONTANG SELATAN II,BEREBAS TENGAH,Desember,2025,1532,673,400,59.44,400, 59.44 ,400, 59.44 ,673, 100.00 ,183,206,6,5,389, 47.04 ,110, 27.05 ,23, 5.75 ,13, 3.25 ,73, 18.25 ,4,80,0,0,0,0,12,9, 75.00 ,185,117, 63.24 ,102, 87.18 ,110, 94.02 ,102, 87.18 ,0,0,0,0,0,0,0,217,141,124,19,15.32,52,0,0,138,0,0,1,1,100,5,5,100,359,34,9.47,12/1/2026 10:02
7,KALIMANTAN TIMUR,KOTA BONTANG,BONTANG UTARA,BONTANG UTARA I,BONTANG KUALA,Desember,2025,457,377,346,91.78,346, 91.78 ,346, 91.78 ,377, 100.00 ,205,136,3,2,341, 60.12 ,40, 11.56 ,18, 5.20 ,6, 1.73 ,46, 13.29 ,2,100,0,0,0,0,1,0, -   ,111,111, 100.00 ,111, 100.00 ,111, 100.00 ,111, 100.00 ,0,0,0,0,0,0,0,28,24,34,8,23.53,32,0,0,98,0,0,0,0,0,0,0,0,60,27,45,20/01/2026 8:30
8,KALIMANTAN TIMUR,KOTA BONTANG,BONTANG UTARA,BONTANG UTARA I,BONTANG BARU,Desember,2025,1130,587,558,95.06,558, 95.06 ,558, 95.06 ,587, 100.00 ,295,258,4,1,553, 53.35 ,90, 16.13 ,35, 6.27 ,35, 6.27 ,67, 12.10 ,1,100,0,0,0,0,8,1, 12.50 ,159,157, 98.74 ,157, 100.00 ,157, 100.00 ,157, 100.00 ,0,0,0,0,0,0,0,19,14,45,10,22.22,40,0,0,181,0,0,0,0,0,0,0,0,108,3,2.78,20/01/2026 8:31
9,KALIMANTAN TIMUR,KOTA BONTANG,BONTANG UTARA,BONTANG UTARA I,API-API,Desember,2025,1599,790,650,82.28,650, 82.28 ,650, 82.28 ,790, 100.00 ,289,355,6,0,644, 44.88 ,113, 17.38 ,28, 4.31 ,18, 2.77 ,76, 11.69 ,0,0,0,0,0,0,9,2, 22.22 ,219,218, 99.54 ,218, 100.00 ,218, 100.00 ,218, 100.00 ,0,0,0,0,0,0,0,30,28,45,9,20,50,0,0,271,0,0,0,0,0,0,0,0,122,59,48.36,20/01/2026 8:31
10,KALIMANTAN TIMUR,KOTA BONTANG,BONTANG UTARA,BONTANG UTARA I,GUNUNG ELAI,Desember,2025,1535,856,698,81.54,698, 81.54 ,698, 81.54 ,855, 99.88 ,296,393,7,2,689, 42.96 ,98, 14.04 ,33, 4.73 ,31, 4.44 ,67, 9.60 ,2,100,0,0,0,0,13,4, 30.77 ,243,241, 99.18 ,241, 100.00 ,241, 100.00 ,241, 100.00 ,0,0,0,0,0,0,0,32,30,52,8,15.38,40,0,0,294,0,0,0,0,0,0,0,0,109,50,45.87,20/01/2026 8:32
11,KALIMANTAN TIMUR,KOTA BONTANG,BONTANG UTARA,BONTANG UTARA II,LOK TUAN,Desember,2025,1996,1187,914,77.00,914, 77.00 ,914, 77.00 ,1187, 100.00 ,490,414,10,0,904, 54.20 ,203, 22.21 ,82, 8.97 ,25, 2.74 ,163, 17.83 ,0,0,0,0,0,0,23,15, 65.22 ,364,352, 96.70 ,134, 38.07 ,338, 96.02 ,134, 38.07 ,0,0,0,0,0,0,0,285,83,171,41,23.98,101,0,0,282,0,0,0,0,0,3,3,100,510,12,2.35,19/01/2026 11:01
12,KALIMANTAN TIMUR,KOTA BONTANG,BONTANG UTARA,BONTANG UTARA II,GUNTUNG,Desember,2025,466,504,341,67.66,341, 67.66 ,341, 67.66 ,470, 93.25 ,164,175,2,0,339, 48.38 ,94, 27.57 ,27, 7.92 ,14, 4.11 ,66, 19.35 ,0,0,0,0,0,0,4,3, 75.00 ,139,98, 70.50 ,41, 41.84 ,96, 97.96 ,41, 41.84 ,0,0,0,0,0,0,0,87,41,65,13,20,44,0,0,122,0,0,0,0,0,3,3,100,182,9,4.95,19/01/2026 11:04
13,KALIMANTAN TIMUR,KOTA BONTANG,BONTANG BARAT,BONTANG BARAT,KANAAN,Desember,2025,389,266,210,78.95,210, 78.95 ,210, 78.95 ,266, 100.00 ,87,120,3,0,207, 42.03 ,25, 11.90 ,6, 2.86 ,5, 2.38 ,12, 5.71 ,0,0,0,0,0,0,6,0, -   ,79,65, 82.28 ,27, 41.54 ,28, 43.08 ,27, 41.54 ,0,0,0,0,0,0,0,31,32,23,2,8.7,6,0,0,94,0,0,1,1,100,2,2,100,68,8,11.76,19/01/2026 13:28
14,KALIMANTAN TIMUR,KOTA BONTANG,BONTANG BARAT,BONTANG BARAT,GUNUNG TELIHAN,Desember,2025,1212,741,559,75.44,559, 75.44 ,559, 75.44 ,740, 99.87 ,266,286,7,0,552, 48.19 ,79, 14.13 ,19, 3.40 ,15, 2.68 ,54, 9.66 ,0,0,0,0,0,0,8,2, 25.00 ,206,153, 74.27 ,53, 34.64 ,53, 34.64 ,53, 34.64 ,0,0,0,0,0,0,0,160,82,124,13,10.48,37,0,0,209,0,0,0,0,0,3,3,100,216,7,3.24,19/01/2026 12:52
15,KALIMANTAN TIMUR,KOTA BONTANG,BONTANG BARAT,BONTANG BARAT,BELIMBING,Desember,2025,1237,778,640,82.26,640, 82.26 ,640, 82.26 ,776, 99.74 ,332,301,6,1,633, 52.45 ,99, 15.47 ,26, 4.06 ,30, 4.69 ,57, 8.91 ,1,100,0,0,0,0,11,7, 63.64 ,175,145, 82.86 ,53, 36.55 ,53, 36.55 ,53, 36.55 ,0,0,0,0,0,0,0,146,61,91,12,13.19,36,0,0,207,0,0,0,0,0,1,1,100,237,6,2.53,19/01/2026 13:34
16,KALIMANTAN TIMUR,KOTA BONTANG,BONTANG SELATAN,BONTANG LESTARI,BONTANG LESTARI,November,2025,440,546,546,100.00,546, 100.00 ,546, 100.00 ,543, 99.45 ,245,252,49,0,497, 49.30 ,124, 22.71 ,47, 8.61 ,8, 1.47 ,107, 19.60 ,0,0,0,0,0,0,9,3, 33.33 ,0,0, -   ,0, -   ,0, -   ,0, -   ,0,0,0,0,0,0,0,190,73,148,62,41.89,66,0,0,171,0,0,0,0,0,2,2,100,237,65,27.43,23/01/2026 20:05
17,KALIMANTAN TIMUR,KOTA BONTANG,BONTANG SELATAN,BONTANG SELATAN I,SATIMPO,November,2025,781,312,312,100.00,312, 100.00 ,312, 100.00 ,311, 99.68 ,34,52,226,0,86, 39.53 ,51, 16.35 ,13, 4.17 ,12, 3.85 ,32, 10.26 ,0,0,0,0,0,0,5,5, 100.00 ,0,0, -   ,0, -   ,0, -   ,0, -   ,0,0,0,0,0,0,0,58,41,18,12,66.67,23,0,0,42,0,0,0,0,0,0,0,0,98,3,3.06,19/12/2025 15:03
18,KALIMANTAN TIMUR,KOTA BONTANG,BONTANG SELATAN,BONTANG SELATAN I,Tanjung Laut,November,2025,1537,771,771,100.00,771, 100.00 ,771, 100.00 ,771, 100.00 ,157,192,422,3,349, 44.99 ,147, 19.07 ,59, 7.65 ,23, 2.98 ,121, 15.69 ,3,100,0,0,0,0,16,6, 37.50 ,0,0, -   ,0, -   ,0, -   ,0, -   ,0,0,0,0,0,0,0,169,112,65,56,86.15,73,0,0,134,0,0,0,0,0,4,4,100,264,7,2.65,19/12/2025 15:05
19,KALIMANTAN TIMUR,KOTA BONTANG,BONTANG SELATAN,BONTANG SELATAN I,TANJUNG LAUT INDAH,November,2025,1324,758,758,100.00,758, 100.00 ,758, 100.00 ,758, 100.00 ,169,178,411,0,347, 48.70 ,146, 19.26 ,52, 6.86 ,21, 2.77 ,150, 19.79 ,0,0,0,0,0,0,5,3, 60.00 ,0,0, -   ,0, -   ,0, -   ,0, -   ,0,0,0,0,0,0,0,204,116,64,55,85.94,103,0,0,114,0,0,1,1,100,1,1,100,243,14,5.76,19/12/2025 15:07
20,KALIMANTAN TIMUR,KOTA BONTANG,BONTANG SELATAN,BONTANG SELATAN II,BEREBAS PANTAI,November,2025,949,501,501,100.00,501, 100.00 ,501, 100.00 ,501, 100.00 ,32,29,440,0,61, 52.46 ,80, 15.97 ,35, 6.99 ,10, 2.00 ,97, 19.36 ,0,0,0,0,0,0,3,3, 100.00 ,0,0, -   ,0, -   ,0, -   ,0, -   ,0,0,0,0,0,0,0,198,161,112,20,17.86,67,0,0,15,0,0,0,0,0,1,1,100,237,16,6.75,20/12/2025 3:24
21,KALIMANTAN TIMUR,KOTA BONTANG,BONTANG SELATAN,BONTANG SELATAN II,BEREBAS TENGAH,November,2025,1532,661,661,100.00,661, 100.00 ,661, 100.00 ,661, 100.00 ,46,54,561,0,100, 46.00 ,117, 17.70 ,51, 7.72 ,19, 2.87 ,110, 16.64 ,0,0,0,0,0,0,8,8, 100.00 ,0,0, -   ,0, -   ,0, -   ,0, -   ,0,0,0,0,0,0,0,207,141,120,19,15.83,68,0,0,28,0,0,1,1,100,5,5,100,339,31,9.14,22/12/2025 22:37
22,KALIMANTAN TIMUR,KOTA BONTANG,BONTANG UTARA,BONTANG UTARA I,BONTANG KUALA,November,2025,457,388,388,100.00,388, 100.00 ,388, 100.00 ,388, 100.00 ,189,162,36,1,351, 53.85 ,45, 11.06 ,32, 8.25 ,5, 1.29 ,55, 14.18 ,1,100,0,0,0,0,8,0, -   ,0,0, -   ,0, -   ,0, -   ,0, -   ,0,0,0,0,0,0,0,28,24,32,8,25,30,0,0,115,0,0,0,0,0,0,0,0,60,26,43.33,20/01/2026 8:28
23,KALIMANTAN TIMUR,KOTA BONTANG,BONTANG UTARA,BONTANG UTARA I,BONTANG BARU,November,2025,1130,589,589,100.00,589, 100.00 ,589, 100.00 ,589, 100.00 ,262,252,75,0,514, 50.97 ,74, 12.56 ,45, 7.64 ,28, 4.75 ,79, 13.41 ,0,0,0,0,0,0,11,0, -   ,0,0, -   ,0, -   ,0, -   ,0, -   ,0,0,0,0,0,0,0,18,14,45,10,22.22,42,0,0,172,0,0,0,0,0,0,0,0,108,2,1.85,20/01/2026 8:28
24,KALIMANTAN TIMUR,KOTA BONTANG,BONTANG UTARA,BONTANG UTARA I,API-API,November,2025,1599,797,797,100.00,797, 100.00 ,797, 100.00 ,797, 100.00 ,324,293,180,0,617, 52.51 ,112, 14.05 ,45, 5.65 ,24, 3.01 ,102, 12.80 ,0,0,0,0,0,0,11,3, 27.27 ,0,0, -   ,0, -   ,0, -   ,0, -   ,0,0,0,0,0,0,0,30,28,45,9,20,60,0,0,203,0,0,0,0,0,0,0,0,122,59,48.36,20/01/2026 8:29
25,KALIMANTAN TIMUR,KOTA BONTANG,BONTANG UTARA,BONTANG UTARA I,GUNUNG ELAI,November,2025,1535,870,870,100.00,870, 100.00 ,870, 100.00 ,869, 99.89 ,293,357,220,0,650, 45.08 ,107, 12.30 ,52, 5.98 ,33, 3.79 ,90, 10.34 ,0,0,0,0,0,0,15,0, -   ,0,0, -   ,0, -   ,0, -   ,0, -   ,0,0,0,0,0,0,0,31,30,52,8,15.38,51,0,0,262,0,0,0,0,0,0,0,0,109,50,45.87,20/01/2026 8:29
26,KALIMANTAN TIMUR,KOTA BONTANG,BONTANG UTARA,BONTANG UTARA II,LOK TUAN,November,2025,1996,1207,1207,100.00,1207, 100.00 ,1207, 100.00 ,1207, 100.00 ,131,103,973,0,234, 55.98 ,190, 15.74 ,121, 10.02 ,36, 2.98 ,225, 18.64 ,0,0,0,0,0,0,21,21, 100.00 ,0,0, -   ,0, -   ,0, -   ,0, -   ,0,0,0,0,0,0,0,281,83,169,41,24.26,128,0,0,57,0,0,0,0,0,3,3,100,509,11,2.16,19/01/2026 11:00
27,KALIMANTAN TIMUR,KOTA BONTANG,BONTANG UTARA,BONTANG UTARA II,GUNTUNG,November,2025,466,514,514,100.00,514, 100.00 ,514, 100.00 ,480, 93.39 ,65,94,355,0,159, 40.88 ,117, 22.76 ,36, 7.00 ,15, 2.92 ,90, 17.51 ,0,0,0,0,0,0,6,5, 83.33 ,0,0, -   ,0, -   ,0, -   ,0, -   ,0,0,0,0,0,0,0,83,41,65,13,20,61,0,0,61,0,0,0,0,0,3,3,100,182,9,4.95,19/01/2026 11:04
28,KALIMANTAN TIMUR,KOTA BONTANG,BONTANG BARAT,BONTANG BARAT,KANAAN,November,2025,389,262,262,100.00,262, 100.00 ,262, 100.00 ,262, 100.00 ,74,84,104,0,158, 46.84 ,21, 8.02 ,5, 1.91 ,7, 2.67 ,14, 5.34 ,0,0,0,0,0,0,1,1, 100.00 ,0,0, -   ,0, -   ,0, -   ,0, -   ,0,0,0,0,0,0,0,30,32,21,2,9.52,9,0,0,65,0,0,1,1,100,2,2,100,60,8,13.33,19/01/2026 13:27
29,KALIMANTAN TIMUR,KOTA BONTANG,BONTANG BARAT,BONTANG BARAT,GUNUNG TELIHAN,November,2025,1212,749,749,100.00,749, 100.00 ,749, 100.00 ,747, 99.73 ,194,207,348,0,401, 48.38 ,99, 13.22 ,38, 5.07 ,30, 4.01 ,81, 10.81 ,0,0,0,0,0,0,8,2, 25.00 ,0,0, -   ,0, -   ,0, -   ,0, -   ,0,0,0,0,0,0,0,154,82,123,13,10.57,53,0,0,154,0,0,0,0,0,3,3,100,209,7,3.35,19/01/2026 12:51
30,KALIMANTAN TIMUR,KOTA BONTANG,BONTANG BARAT,BONTANG BARAT,BELIMBING,November,2025,1237,782,782,100.00,782, 100.00 ,782, 100.00 ,780, 99.74 ,222,249,311,0,471, 47.13 ,93, 11.89 ,28, 3.58 ,38, 4.86 ,77, 9.85 ,0,0,0,0,0,0,15,10, 66.67 ,0,0, -   ,0, -   ,0, -   ,0, -   ,0,0,0,0,0,0,0,140,61,83,13,15.66,55,0,0,181,0,0,0,0,0,1,1,100,219,6,2.74,19/01/2026 13:32
31,KALIMANTAN TIMUR,KOTA BONTANG,BONTANG SELATAN,BONTANG LESTARI,BONTANG LESTARI,Oktober,2025,440,552,511,92.57,511, 92.57 ,511, 92.57 ,549, 99.46 ,234,263,13,1,497, 47.08 ,115, 22.50 ,43, 8.41 ,9, 1.76 ,103, 20.16 ,1,100,0,0,0,0,5,3, 60.00 ,0,0, -   ,0, -   ,0, -   ,0, -   ,0,0,0,0,0,0,0,186,73,140,62,44.29,65,0,0,177,0,0,0,0,0,2,2,100,233,65,27.9,23/01/2026 20:04
32,KALIMANTAN TIMUR,KOTA BONTANG,BONTANG SELATAN,BONTANG SELATAN I,SATIMPO,Oktober,2025,781,331,134,40.48,134, 40.48 ,134, 40.48 ,330, 99.70 ,38,42,54,0,80, 47.50 ,30, 22.39 ,6, 4.48 ,5, 3.73 ,12, 8.96 ,0,0,0,0,0,0,5,2, 40.00 ,0,0, -   ,0, -   ,0, -   ,0, -   ,0,0,0,0,0,0,0,53,41,16,12,75,9,0,0,34,0,0,0,0,0,0,0,0,92,3,3.26,19/12/2025 14:46
33,KALIMANTAN TIMUR,KOTA BONTANG,BONTANG SELATAN,BONTANG SELATAN I,Tanjung Laut,Oktober,2025,1537,788,403,51.14,403, 51.14 ,403, 51.14 ,788, 100.00 ,140,182,73,8,322, 43.48 ,107, 26.55 ,31, 7.69 ,14, 3.47 ,67, 16.63 ,7,87.5,0,0,0,0,12,8, 66.67 ,0,0, -   ,0, -   ,0, -   ,0, -   ,0,0,0,0,0,0,0,161,112,61,56,91.8,37,0,0,130,0,0,0,0,0,0,0,0,252,6,2.38,19/12/2025 14:49
34,KALIMANTAN TIMUR,KOTA BONTANG,BONTANG SELATAN,BONTANG SELATAN I,TANJUNG LAUT INDAH,Oktober,2025,1324,771,397,51.49,397, 51.49 ,397, 51.49 ,771, 100.00 ,119,138,137,3,257, 46.30 ,117, 29.47 ,42, 10.58 ,7, 1.76 ,99, 24.94 ,3,100,0,0,0,0,10,5, 50.00 ,0,0, -   ,0, -   ,0, -   ,0, -   ,0,0,0,0,0,0,0,197,116,59,55,93.22,58,0,0,83,0,0,0,0,0,1,1,100,236,12,5.08,19/12/2025 14:51
35,KALIMANTAN TIMUR,KOTA BONTANG,BONTANG SELATAN,BONTANG SELATAN II,BEREBAS PANTAI,Oktober,2025,949,508,310,61.02,310, 61.02 ,310, 61.02 ,508, 100.00 ,136,110,62,6,246, 55.28 ,83, 26.77 ,21, 6.77 ,5, 1.61 ,47, 15.16 ,6,100,0,0,0,0,5,5, 100.00 ,0,0, -   ,0, -   ,0, -   ,0, -   ,0,0,0,0,0,0,0,181,161,101,20,19.8,28,0,0,83,0,0,0,0,0,1,1,100,232,13,5.6,20/12/2025 3:20
36,KALIMANTAN TIMUR,KOTA BONTANG,BONTANG SELATAN,BONTANG SELATAN II,BEREBAS TENGAH,Oktober,2025,1532,672,427,63.54,427, 63.54 ,427, 63.54 ,672, 100.00 ,160,145,120,7,305, 52.46 ,102, 23.89 ,21, 4.92 ,20, 4.68 ,66, 15.46 ,7,100,0,0,0,0,10,6, 60.00 ,0,0, -   ,0, -   ,0, -   ,0, -   ,0,0,0,0,0,0,0,187,141,101,19,18.81,50,0,0,96,0,0,1,1,100,3,3,100,330,28,8.48,20/12/2025 3:23
37,KALIMANTAN TIMUR,KOTA BONTANG,BONTANG UTARA,BONTANG UTARA I,BONTANG KUALA,Oktober,2025,457,396,357,90.15,357, 90.15 ,357, 90.15 ,396, 100.00 ,185,153,17,2,338, 54.73 ,53, 14.85 ,29, 8.12 ,7, 1.96 ,45, 12.61 ,2,100,0,0,0,0,7,4, 57.14 ,0,0, -   ,0, -   ,0, -   ,0, -   ,0,0,0,0,0,0,0,27,24,30,8,26.67,21,0,0,106,0,0,0,0,0,0,0,0,60,24,40,20/01/2026 8:26
38,KALIMANTAN TIMUR,KOTA BONTANG,BONTANG UTARA,BONTANG UTARA I,BONTANG BARU,Oktober,2025,1130,599,523,87.31,523, 87.31 ,523, 87.31 ,599, 100.00 ,251,243,20,9,494, 50.81 ,92, 17.59 ,28, 5.35 ,24, 4.59 ,59, 11.28 ,9,100,0,0,0,0,14,5, 35.71 ,0,0, -   ,0, -   ,0, -   ,0, -   ,0,0,0,0,0,0,0,17,14,41,10,24.39,34,0,0,163,0,0,0,0,0,0,0,0,108,2,1.85,20/01/2026 8:27
39,KALIMANTAN TIMUR,KOTA BONTANG,BONTANG UTARA,BONTANG UTARA I,API-API,Oktober,2025,1599,805,627,77.89,627, 77.89 ,627, 77.89 ,805, 100.00 ,260,280,82,5,540, 48.15 ,121, 19.30 ,28, 4.47 ,20, 3.19 ,75, 11.96 ,5,100,0,0,0,0,9,3, 33.33 ,0,0, -   ,0, -   ,0, -   ,0, -   ,0,0,0,0,0,0,0,30,28,40,9,22.5,52,0,0,197,0,0,0,0,0,0,0,0,120,56,46.67,20/01/2026 8:27
40,KALIMANTAN TIMUR,KOTA BONTANG,BONTANG UTARA,BONTANG UTARA I,GUNUNG ELAI,Oktober,2025,1535,877,655,74.69,655, 74.69 ,655, 74.69 ,876, 99.89 ,292,310,49,3,602, 48.50 ,81, 12.37 ,32, 4.89 ,27, 4.12 ,58, 8.85 ,3,100,0,0,0,0,13,5, 38.46 ,0,0, -   ,0, -   ,0, -   ,0, -   ,0,0,0,0,0,0,0,31,30,48,8,16.67,32,0,0,224,0,0,0,0,0,0,0,0,104,50,48.08,20/01/2026 8:27
41,KALIMANTAN TIMUR,KOTA BONTANG,BONTANG UTARA,BONTANG UTARA II,LOK TUAN,Oktober,2025,1996,1229,974,79.25,974, 79.25 ,974, 79.25 ,1229, 100.00 ,407,480,85,2,887, 45.89 ,227, 23.31 ,83, 8.52 ,28, 2.87 ,163, 16.74 ,2,100,0,0,0,0,22,22, 100.00 ,0,0, -   ,0, -   ,0, -   ,0, -   ,0,0,0,0,0,0,0,281,83,169,41,24.26,92,0,0,338,0,0,0,0,0,3,3,100,509,10,1.96,19/01/2026 11:00
42,KALIMANTAN TIMUR,KOTA BONTANG,BONTANG UTARA,BONTANG UTARA II,GUNTUNG,Oktober,2025,466,566,371,65.55,371, 65.55 ,371, 65.55 ,517, 91.34 ,161,192,16,2,353, 45.61 ,96, 25.88 ,29, 7.82 ,17, 4.58 ,60, 16.17 ,2,100,0,0,0,0,7,7, 100.00 ,0,0, -   ,0, -   ,0, -   ,0, -   ,0,0,0,0,0,0,0,80,41,62,13,20.97,38,0,0,144,0,0,0,0,0,3,3,100,179,8,4.47,19/01/2026 11:03
43,KALIMANTAN TIMUR,KOTA BONTANG,BONTANG BARAT,BONTANG BARAT,KANAAN,Oktober,2025,389,251,158,62.95,158, 62.95 ,158, 62.95 ,251, 100.00 ,57,59,41,1,116, 49.14 ,14, 8.86 ,5, 3.16 ,6, 3.80 ,7, 4.43 ,1,100,0,0,0,0,2,1, 50.00 ,0,0, -   ,0, -   ,0, -   ,0, -   ,0,0,0,0,0,0,0,28,32,20,2,10,2,0,0,53,0,0,1,1,100,2,2,100,55,8,14.55,19/01/2026 13:26
44,KALIMANTAN TIMUR,KOTA BONTANG,BONTANG BARAT,BONTANG BARAT,GUNUNG TELIHAN,Oktober,2025,1212,777,393,50.58,393, 50.58 ,393, 50.58 ,775, 99.74 ,140,157,96,0,297, 47.14 ,60, 15.27 ,15, 3.82 ,11, 2.80 ,42, 10.69 ,0,0,0,0,0,0,10,0, -   ,0,0, -   ,0, -   ,0, -   ,0, -   ,0,0,0,0,0,0,0,147,82,111,13,11.71,29,0,0,126,0,0,0,0,0,3,3,100,198,7,3.54,19/01/2026 12:50
45,KALIMANTAN TIMUR,KOTA BONTANG,BONTANG BARAT,BONTANG BARAT,BELIMBING,Oktober,2025,1237,790,473,59.87,473, 59.87 ,473, 59.87 ,789, 99.87 ,182,203,86,2,385, 47.27 ,70, 14.80 ,14, 2.96 ,19, 4.20 ,47, 9.94 ,2,100,0,0,0,0,5,2, 40.00 ,0,0, -   ,0, -   ,0, -   ,0, -   ,0,0,0,0,0,0,0,129,61,70,13,18.57,34,0,0,171,0,0,0,0,0,1,1,100,212,6,2.83,19/01/2026 13:31
46,KALIMANTAN TIMUR,KOTA BONTANG,BONTANG SELATAN,BONTANG LESTARI,BONTANG LESTARI,September,2025,440,546,524,95.97,524, 95.97 ,524, 95.97 ,544, 99.63 ,264,245,14,1,509, 51.87 ,118, 22.52 ,31, 5.92 ,13, 2.48 ,108, 20.61 ,1,100,0,0,0,0,8,5, 62.50 ,147,140, 95.24 ,110, 78.57 ,132, 94.29 ,106, 75.71 ,0,0,0,0,0,0,0,180,73,134,62,46.27,75,0,0,172,0,0,0,0,0,2,2,100,232,1,0.43,23/01/2026 20:04
47,KALIMANTAN TIMUR,KOTA BONTANG,BONTANG SELATAN,BONTANG SELATAN I,SATIMPO,September,2025,781,320,133,41.56,133, 41.56 ,133, 41.56 ,320, 100.00 ,56,44,33,2,100, 56.00 ,34, 25.56 ,6, 4.51 ,2, 1.50 ,19, 14.29 ,2,100,0,0,0,0,6,6, 100.00 ,100,100, 100.00 ,92, 92.00 ,93, 93.00 ,92, 92.00 ,0,0,0,0,0,0,0,50,41,15,12,80,14,0,0,30,0,0,0,0,0,0,0,0,88,3,3.41,19/12/2025 14:34
48,KALIMANTAN TIMUR,KOTA BONTANG,BONTANG SELATAN,BONTANG SELATAN I,Tanjung Laut,September,2025,1537,778,516,66.32,516, 66.32 ,516, 66.32 ,778, 100.00 ,239,221,56,7,460, 51.96 ,133, 25.78 ,35, 6.78 ,16, 3.10 ,98, 18.99 ,6,85.71,0,0,0,0,14,12, 85.71 ,187,187, 100.00 ,171, 91.44 ,171, 91.44 ,171, 91.44 ,0,0,0,0,0,0,0,158,109,61,56,91.8,64,0,0,149,0,0,0,0,0,0,0,0,248,6,2.42,19/12/2025 14:36
49,KALIMANTAN TIMUR,KOTA BONTANG,BONTANG SELATAN,BONTANG SELATAN I,TANJUNG LAUT INDAH,September,2025,1324,787,379,48.16,379, 48.16 ,379, 48.16 ,787, 100.00 ,148,167,63,4,315, 46.98 ,137, 36.15 ,29, 7.65 ,10, 2.64 ,99, 26.12 ,2,50,0,0,0,0,10,3, 30.00 ,222,209, 94.14 ,185, 88.52 ,186, 89.00 ,185, 88.52 ,0,0,0,0,0,0,0,195,114,57,55,96.49,72,0,0,100,0,0,0,0,0,1,1,100,230,12,5.22,19/12/2025 14:40
50,KALIMANTAN TIMUR,KOTA BONTANG,BONTANG SELATAN,BONTANG SELATAN II,BEREBAS PANTAI,September,2025,949,545,343,62.94,343, 62.94 ,343, 62.94 ,545, 100.00 ,149,152,34,6,301, 49.50 ,93, 27.11 ,22, 6.41 ,4, 1.17 ,63, 18.37 ,5,83.33,0,0,0,0,13,9, 69.23 ,133,91, 68.42 ,84, 92.31 ,87, 95.60 ,84, 92.31 ,0,0,0,0,0,0,0,178,161,98,20,20.41,45,0,0,103,0,0,0,0,0,0,0,0,221,10,4.52,20/12/2025 3:16
51,KALIMANTAN TIMUR,KOTA BONTANG,BONTANG SELATAN,BONTANG SELATAN II,BEREBAS TENGAH,September,2025,1532,701,417,59.49,417, 59.49 ,417, 59.49 ,701, 100.00 ,104,271,38,4,375, 27.73 ,141, 33.81 ,26, 6.24 ,13, 3.12 ,87, 20.86 ,4,100,0,0,0,0,12,10, 83.33 ,180,141, 78.33 ,124, 87.94 ,134, 95.04 ,124, 87.94 ,0,0,0,0,0,0,0,179,141,94,19,20.21,63,0,0,190,0,0,1,1,100,3,3,100,322,23,7.14,20/12/2025 3:18
52,KALIMANTAN TIMUR,KOTA BONTANG,BONTANG UTARA,BONTANG UTARA I,BONTANG KUALA,September,2025,457,375,350,93.33,350, 93.33 ,350, 93.33 ,375, 100.00 ,206,134,9,1,340, 60.59 ,49, 14.00 ,28, 8.00 ,7, 2.00 ,47, 13.43 ,1,100,0,0,0,0,7,2, 28.57 ,102,15, 14.71 ,15, 100.00 ,15, 100.00 ,15, 100.00 ,0,0,0,0,0,0,0,27,24,27,8,29.63,23,0,0,99,0,0,0,0,0,0,0,0,60,22,36.67,20/01/2026 8:24
53,KALIMANTAN TIMUR,KOTA BONTANG,BONTANG UTARA,BONTANG UTARA I,BONTANG BARU,September,2025,1130,582,548,94.16,548, 94.16 ,548, 94.16 ,581, 99.83 ,264,261,23,0,525, 50.29 ,86, 15.69 ,38, 6.93 ,23, 4.20 ,62, 11.31 ,0,0,0,0,0,0,6,1, 16.67 ,156,43, 27.56 ,38, 88.37 ,35, 81.40 ,34, 79.07 ,0,0,0,0,0,0,0,16,14,40,10,25,34,0,0,196,0,0,0,0,0,0,0,0,108,2,1.85,20/01/2026 8:25
54,KALIMANTAN TIMUR,KOTA BONTANG,BONTANG UTARA,BONTANG UTARA I,API-API,September,2025,1599,766,616,80.42,616, 80.42 ,616, 80.42 ,766, 100.00 ,303,264,48,1,567, 53.44 ,130, 21.10 ,31, 5.03 ,20, 3.25 ,69, 11.20 ,0,0,0,0,0,0,13,6, 46.15 ,229,25, 10.92 ,25, 100.00 ,25, 100.00 ,25, 100.00 ,0,0,0,0,0,0,0,29,28,39,9,23.08,45,0,0,201,0,0,0,0,0,0,0,0,120,56,46.67,20/01/2026 8:25
55,KALIMANTAN TIMUR,KOTA BONTANG,BONTANG UTARA,BONTANG UTARA I,GUNUNG ELAI,September,2025,1535,865,739,85.43,739, 85.43 ,739, 85.43 ,864, 99.88 ,329,343,67,0,672, 48.96 ,95, 12.86 ,30, 4.60 ,32, 4.33 ,53, 7.17 ,0,0,0,0,0,0,16,2, 12.50 ,246,4, 1.63 ,4, 100.00 ,4, 100.00 ,4, 100.00 ,0,0,0,0,0,0,0,31,30,45,8,17.78,29,0,0,283,0,0,0,0,0,0,0,0,104,49,47.12,20/01/2026 8:25
56,KALIMANTAN TIMUR,KOTA BONTANG,BONTANG UTARA,BONTANG UTARA II,LOK TUAN,September,2025,1996,1282,1060,82.68,1060, 82.68 ,1060, 82.68 ,1282, 100.00 ,509,483,67,1,992, 51.31 ,243, 22.92 ,95, 8.96 ,25, 2.36 ,199, 18.77 ,1,100,0,0,0,0,26,25, 96.15 ,351,351, 100.00 ,116, 33.05 ,334, 95.16 ,112, 31.91 ,0,0,0,0,0,0,0,279,69,162,41,25.31,115,0,0,342,0,0,0,0,0,3,3,100,484,4,0.83,19/01/2026 11:00
57,KALIMANTAN TIMUR,KOTA BONTANG,BONTANG UTARA,BONTANG UTARA II,GUNTUNG,September,2025,466,561,378,67.38,378, 67.38 ,378, 67.38 ,511, 91.09 ,143,143,92,0,286, 50.00 ,77, 20.37 ,17, 4.50 ,9, 2.38 ,59, 15.61 ,0,0,0,0,0,0,10,9, 90.00 ,161,101, 62.73 ,40, 39.60 ,97, 96.04 ,38, 37.62 ,0,0,0,0,0,0,0,72,36,45,13,28.89,43,0,0,97,0,0,0,0,0,2,2,100,159,4,2.52,19/01/2026 11:03
58,KALIMANTAN TIMUR,KOTA BONTANG,BONTANG BARAT,BONTANG BARAT,KANAAN,September,2025,389,250,159,63.60,159, 63.60 ,159, 63.60 ,250, 100.00 ,66,65,28,0,131, 50.38 ,19, 11.95 ,3, 1.89 ,6, 3.77 ,14, 8.81 ,0,0,0,0,0,0,4,2, 50.00 ,85,53, 62.35 ,34, 64.15 ,34, 64.15 ,34, 64.15 ,0,0,0,0,0,0,0,26,32,17,2,11.76,12,0,0,55,0,0,1,1,100,2,2,100,54,8,14.81,19/01/2026 13:25
59,KALIMANTAN TIMUR,KOTA BONTANG,BONTANG BARAT,BONTANG BARAT,GUNUNG TELIHAN,September,2025,1212,789,377,47.78,377, 47.78 ,377, 47.78 ,787, 99.75 ,150,164,63,0,314, 47.77 ,73, 19.36 ,18, 4.77 ,15, 3.98 ,55, 14.59 ,0,0,0,0,0,0,14,2, 14.29 ,215,136, 63.26 ,65, 47.79 ,65, 47.79 ,65, 47.79 ,0,0,0,0,0,0,0,138,82,107,13,12.15,39,0,0,121,0,0,0,0,0,3,3,100,191,7,3.66,19/01/2026 12:48
60,KALIMANTAN TIMUR,KOTA BONTANG,BONTANG BARAT,BONTANG BARAT,BELIMBING,September,2025,1237,794,463,58.31,463, 58.31 ,463, 58.31 ,793, 99.87 ,173,231,58,1,404, 42.82 ,68, 14.69 ,21, 4.54 ,19, 4.10 ,49, 10.58 ,1,100,0,0,0,0,8,4, 50.00 ,194,130, 67.01 ,66, 50.77 ,66, 50.77 ,66, 50.77 ,0,0,0,0,0,0,0,127,61,68,13,19.12,35,0,0,183,0,0,0,0,0,1,1,100,201,6,2.99,19/01/2026 13:30
61,KALIMANTAN TIMUR,KOTA BONTANG,BONTANG SELATAN,BONTANG LESTARI,BONTANG LESTARI,Agustus,2025,440,553,536,96.93,536, 96.93 ,536, 96.93 ,551, 99.64 ,252,249,35,0,501, 50.30 ,124, 23.13 ,47, 8.77 ,7, 1.31 ,108, 20.15 ,0,0,29,26,26,100,15,13, 86.67 ,0,0, -   ,0, -   ,0, -   ,0, -   ,44,35,79.55,480,462,96.25,404,172,73,131,47,35.88,64,0,0,172,0,0,0,0,0,2,2,100,224,1,0.45,23/01/2026 20:04
62,KALIMANTAN TIMUR,KOTA BONTANG,BONTANG SELATAN,BONTANG SELATAN I,SATIMPO,Agustus,2025,781,330,182,55.15,182, 55.15 ,182, 55.15 ,330, 100.00 ,42,60,79,3,102, 41.18 ,45, 24.73 ,8, 4.40 ,7, 3.85 ,25, 13.74 ,3,100,22,16,16,100,4,3, 75.00 ,0,0, -   ,0, -   ,0, -   ,0, -   ,23,12,52.17,295,154,52.2,140,48,38,14,12,85.71,19,0,0,46,0,0,0,0,0,0,0,0,84,2,2.38,19/12/2025 14:26
63,KALIMANTAN TIMUR,KOTA BONTANG,BONTANG SELATAN,BONTANG SELATAN I,Tanjung Laut,Agustus,2025,1537,791,553,69.91,553, 69.91 ,553, 69.91 ,791, 100.00 ,173,215,162,3,388, 44.59 ,150, 27.12 ,43, 7.78 ,17, 3.07 ,110, 19.89 ,3,100,45,22,19,86.36,4,1, 25.00 ,0,0, -   ,0, -   ,0, -   ,0, -   ,43,29,67.44,703,485,68.99,458,153,101,61,56,91.8,70,0,0,146,0,0,0,0,0,0,0,0,239,5,2.09,19/12/2025 14:28
64,KALIMANTAN TIMUR,KOTA BONTANG,BONTANG SELATAN,BONTANG SELATAN I,TANJUNG LAUT INDAH,Agustus,2025,1324,803,449,55.92,449, 55.92 ,449, 55.92 ,803, 100.00 ,124,134,189,2,258, 48.06 ,133, 29.62 ,37, 8.24 ,10, 2.23 ,112, 24.94 ,1,50,53,35,30,85.71,11,6, 54.55 ,0,0, -   ,0, -   ,0, -   ,0, -   ,80,42,52.5,684,383,55.99,348,193,103,56,55,98.21,76,0,0,92,0,0,0,0,0,1,1,100,221,11,4.98,12/1/2026 13:10
65,KALIMANTAN TIMUR,KOTA BONTANG,BONTANG SELATAN,BONTANG SELATAN II,BEREBAS PANTAI,Agustus,2025,949,528,376,71.21,376, 71.21 ,376, 71.21 ,528, 100.00 ,128,142,106,5,270, 47.41 ,114, 30.32 ,24, 6.38 ,8, 2.13 ,72, 19.15 ,5,100,31,6,4,66.67,5,3, 60.00 ,0,0, -   ,0, -   ,0, -   ,0, -   ,42,38,90.48,462,456,98.7,263,173,160,92,17,18.48,57,0,0,98,0,0,0,0,0,0,0,0,216,7,3.24,20/12/2025 3:01
66,KALIMANTAN TIMUR,KOTA BONTANG,BONTANG SELATAN,BONTANG SELATAN II,BEREBAS TENGAH,Agustus,2025,1532,685,487,71.09,487, 71.09 ,487, 71.09 ,685, 100.00 ,121,132,234,4,253, 47.83 ,137, 28.13 ,27, 5.54 ,15, 3.08 ,86, 17.66 ,2,50,43,20,19,95,9,7, 77.78 ,0,0, -   ,0, -   ,0, -   ,0, -   ,60,56,93.33,594,573,96.46,417,172,141,88,16,18.18,62,0,0,92,0,0,1,1,100,3,3,100,312,18,5.77,20/12/2025 3:04
67,KALIMANTAN TIMUR,KOTA BONTANG,BONTANG UTARA,BONTANG UTARA I,BONTANG KUALA,Agustus,2025,457,379,351,92.61,351, 92.61 ,351, 92.61 ,379, 100.00 ,187,130,31,3,317, 58.99 ,47, 13.39 ,25, 7.12 ,6, 1.71 ,50, 14.25 ,3,100,26,17,17,100,2,1, 50.00 ,0,0, -   ,0, -   ,0, -   ,0, -   ,34,25,73.53,319,255,79.94,195,25,24,25,8,32,30,0,0,84,0,0,0,0,0,0,0,0,60,21,35,20/01/2026 8:15
68,KALIMANTAN TIMUR,KOTA BONTANG,BONTANG UTARA,BONTANG UTARA I,BONTANG BARU,Agustus,2025,1130,586,541,92.32,541, 92.32 ,541, 92.32 ,585, 99.83 ,280,213,43,5,493, 56.80 ,100, 18.48 ,22, 4.07 ,29, 5.36 ,59, 10.91 ,5,100,42,17,17,100,4,0, -   ,0,0, -   ,0, -   ,0, -   ,0, -   ,42,35,83.33,502,424,84.46,338,14,14,38,10,26.32,40,0,0,170,0,0,0,0,0,0,0,0,108,0,0,19/01/2026 23:54
69,KALIMANTAN TIMUR,KOTA BONTANG,BONTANG UTARA,BONTANG UTARA I,API-API,Agustus,2025,1599,787,684,86.91,684, 86.91 ,684, 86.91 ,787, 100.00 ,300,299,81,4,599, 50.08 ,134, 19.59 ,24, 3.51 ,28, 4.09 ,78, 11.40 ,4,100,45,22,21,95.45,8,4, 50.00 ,0,0, -   ,0, -   ,0, -   ,0, -   ,71,53,74.65,671,551,82.12,372,28,28,36,9,25,58,0,0,224,0,0,0,0,0,0,0,0,113,53,46.9,20/01/2026 8:23
70,KALIMANTAN TIMUR,KOTA BONTANG,BONTANG UTARA,BONTANG UTARA I,GUNUNG ELAI,Agustus,2025,1535,883,759,85.96,759, 85.96 ,759, 85.96 ,882, 99.89 ,332,324,98,5,656, 50.61 ,91, 11.99 ,42, 5.53 ,33, 4.35 ,68, 8.96 ,5,100,64,27,27,100,5,1, 20.00 ,0,0, -   ,0, -   ,0, -   ,0, -   ,63,52,82.54,756,622,82.28,454,31,30,42,8,19.05,37,0,0,253,0,0,0,0,0,0,0,0,97,48,49.48,20/01/2026 8:23
71,KALIMANTAN TIMUR,KOTA BONTANG,BONTANG UTARA,BONTANG UTARA II,LOK TUAN,Agustus,2025,1996,1278,1109,86.78,1109, 86.78 ,1109, 86.78 ,1278, 100.00 ,354,426,325,12,780, 45.38 ,258, 23.26 ,85, 7.66 ,33, 2.98 ,197, 17.76 ,12,100,100,92,91,98.91,10,10, 100.00 ,0,0, -   ,0, -   ,0, -   ,0, -   ,116,112,96.55,1083,1043,96.31,969,272,46,156,41,26.28,117,1,0.85,307,0,0,0,0,0,3,3,100,472,3,0.64,19/01/2026 10:59
72,KALIMANTAN TIMUR,KOTA BONTANG,BONTANG UTARA,BONTANG UTARA II,GUNTUNG,Agustus,2025,466,560,286,51.07,286, 51.07 ,286, 51.07 ,511, 91.25 ,97,106,83,5,203, 47.78 ,79, 27.62 ,15, 5.24 ,8, 2.80 ,56, 19.58 ,5,100,28,30,27,90,9,9, 100.00 ,0,0, -   ,0, -   ,0, -   ,0, -   ,53,31,58.49,431,294,68.21,225,69,31,41,13,31.71,43,0,0,83,0,0,0,0,0,1,1,100,157,2,1.27,19/01/2026 11:03
73,KALIMANTAN TIMUR,KOTA BONTANG,BONTANG BARAT,BONTANG BARAT,KANAAN,Agustus,2025,389,258,178,68.99,178, 68.99 ,178, 68.99 ,258, 100.00 ,60,57,60,1,117, 51.28 ,23, 12.92 ,4, 2.25 ,6, 3.37 ,11, 6.18 ,1,100,16,4,4,100,3,0, -   ,0,0, -   ,0, -   ,0, -   ,0, -   ,26,15,57.69,216,146,67.59,101,24,32,16,2,12.5,8,0,0,46,0,0,1,1,100,2,2,100,48,2,4.17,19/01/2026 13:24
74,KALIMANTAN TIMUR,KOTA BONTANG,BONTANG BARAT,BONTANG BARAT,GUNUNG TELIHAN,Agustus,2025,1212,804,516,64.18,516, 64.18 ,516, 64.18 ,802, 99.75 ,149,145,218,6,294, 50.68 ,93, 18.02 ,18, 3.49 ,14, 2.71 ,53, 10.27 ,6,100,45,20,16,80,6,1, 16.67 ,0,0, -   ,0, -   ,0, -   ,0, -   ,57,35,61.4,702,446,63.53,282,127,82,97,13,13.4,42,0,0,118,0,0,0,0,0,3,3,100,185,3,1.62,19/01/2026 11:06
75,KALIMANTAN TIMUR,KOTA BONTANG,BONTANG BARAT,BONTANG BARAT,BELIMBING,Agustus,2025,1237,815,589,72.27,589, 72.27 ,589, 72.27 ,814, 99.88 ,202,211,172,4,413, 48.91 ,107, 18.17 ,12, 2.04 ,22, 3.74 ,56, 9.51 ,4,100,50,38,37,97.37,4,2, 50.00 ,0,0, -   ,0, -   ,0, -   ,0, -   ,50,37,74,715,507,70.91,359,117,61,64,13,20.31,47,0,0,177,0,0,0,0,0,1,1,100,194,0,0,14/01/2026 7:01
76,KALIMANTAN TIMUR,KOTA BONTANG,BONTANG SELATAN,BONTANG LESTARI,BONTANG LESTARI,Juli,2025,440,560,520,92.86,520, 92.86 ,520, 92.86 ,558, 99.64 ,269,210,41,0,479, 56.16 ,132, 25.38 ,49, 9.42 ,9, 1.73 ,107, 20.58 ,0,0,0,0,0,0,3,1, 33.33 ,0,0, -   ,0, -   ,0, -   ,0, -   ,0,0,0,0,0,0,0,162,73,126,47,37.3,65,36,55.38,131,0,0,0,0,0,2,2,100,219,1,0.46,23/01/2026 20:03
77,KALIMANTAN TIMUR,KOTA BONTANG,BONTANG SELATAN,BONTANG SELATAN I,SATIMPO,Juli,2025,781,331,130,39.27,130, 39.27 ,130, 39.27 ,331, 100.00 ,39,37,54,2,76, 51.32 ,26, 20.00 ,4, 3.08 ,5, 3.85 ,14, 10.77 ,2,100,0,0,0,0,4,2, 50.00 ,0,0, -   ,0, -   ,0, -   ,0, -   ,0,0,0,0,0,0,0,46,32,13,12,92.31,10,2,20,25,20,80,0,0,0,0,0,0,81,2,2.47,31/12/2025 9:06
78,KALIMANTAN TIMUR,KOTA BONTANG,BONTANG SELATAN,BONTANG SELATAN I,Tanjung Laut,Juli,2025,1537,771,446,57.85,446, 57.85 ,446, 57.85 ,771, 100.00 ,197,148,101,5,345, 57.10 ,113, 25.34 ,26, 5.83 ,18, 4.04 ,76, 17.04 ,5,100,0,0,0,0,6,3, 50.00 ,0,0, -   ,0, -   ,0, -   ,0, -   ,0,0,0,0,0,0,0,149,82,59,56,94.92,47,16,34.04,105,57,54.29,0,0,0,0,0,0,234,5,2.14,31/12/2025 9:04
79,KALIMANTAN TIMUR,KOTA BONTANG,BONTANG SELATAN,BONTANG SELATAN I,TANJUNG LAUT INDAH,Juli,2025,1324,767,315,41.07,313, 40.81 ,313, 40.81 ,766, 99.87 ,89,74,152,9,163, 54.60 ,88, 28.12 ,23, 7.35 ,9, 2.86 ,72, 22.86 ,8,88.89,0,0,0,0,16,8, 50.00 ,0,0, -   ,0, -   ,0, -   ,0, -   ,0,0,0,0,0,0,0,189,88,55,55,100,50,18,36,43,57,132.56,0,0,0,1,1,100,212,9,4.25,31/12/2025 9:01
80,KALIMANTAN TIMUR,KOTA BONTANG,BONTANG SELATAN,BONTANG SELATAN II,BEREBAS PANTAI,Juli,2025,949,553,293,52.98,293, 52.98 ,293, 52.98 ,553, 100.00 ,93,102,98,5,195, 47.69 ,76, 25.94 ,16, 5.46 ,8, 2.73 ,48, 16.38 ,3,60,0,0,0,0,7,5, 71.43 ,0,0, -   ,0, -   ,0, -   ,0, -   ,0,0,0,0,0,0,0,159,159,83,9,10.84,35,29,82.86,72,28,38.89,0,0,0,0,0,0,201,2,1,21/12/2025 17:44
81,KALIMANTAN TIMUR,KOTA BONTANG,BONTANG SELATAN,BONTANG SELATAN II,BEREBAS TENGAH,Juli,2025,1532,673,226,33.58,226, 33.58 ,226, 33.58 ,673, 100.00 ,85,89,52,5,174, 48.85 ,53, 23.45 ,9, 3.98 ,9, 3.98 ,39, 17.26 ,2,40,0,0,0,0,9,5, 55.56 ,0,0, -   ,0, -   ,0, -   ,0, -   ,0,0,0,0,0,0,0,165,140,80,7,8.75,32,29,90.63,60,17,28.33,1,1,100,3,3,100,296,12,4.05,21/12/2025 17:44
82,KALIMANTAN TIMUR,KOTA BONTANG,BONTANG UTARA,BONTANG UTARA I,BONTANG KUALA,Juli,2025,457,379,287,75.73,287, 75.73 ,287, 75.73 ,379, 100.00 ,152,120,15,0,272, 55.88 ,46, 16.03 ,15, 5.23 ,5, 1.74 ,28, 9.76 ,0,0,0,0,0,0,7,0, -   ,0,0, -   ,0, -   ,0, -   ,0, -   ,0,0,0,0,0,0,0,14,8,21,8,38.1,16,0,0,95,37,38.95,0,0,0,0,0,0,60,0,0,19/01/2026 23:51
83,KALIMANTAN TIMUR,KOTA BONTANG,BONTANG UTARA,BONTANG UTARA I,BONTANG BARU,Juli,2025,1130,581,515,88.64,515, 88.64 ,515, 88.64 ,580, 99.83 ,287,207,19,2,494, 58.10 ,93, 18.06 ,29, 5.63 ,28, 5.44 ,61, 11.84 ,2,100,0,0,0,0,9,3, 33.33 ,0,0, -   ,0, -   ,0, -   ,0, -   ,0,0,0,0,0,0,0,14,14,35,10,28.57,35,69,197.14,147,0,0,0,0,0,0,0,0,101,0,0,19/01/2026 23:55
84,KALIMANTAN TIMUR,KOTA BONTANG,BONTANG UTARA,BONTANG UTARA I,API-API,Juli,2025,1599,768,551,71.74,551, 71.74 ,551, 71.74 ,768, 100.00 ,264,234,53,0,498, 53.01 ,85, 15.43 ,27, 4.09 ,18, 3.27 ,53, 9.62 ,0,0,0,0,0,0,12,3, 25.00 ,0,0, -   ,0, -   ,0, -   ,0, -   ,0,0,0,0,0,0,0,20,8,30,9,30,34,0,0,186,66,35.48,0,0,0,0,0,0,111,2,1.8,20/01/2026 0:21
85,KALIMANTAN TIMUR,KOTA BONTANG,BONTANG UTARA,BONTANG UTARA I,GUNUNG ELAI,Juli,2025,1535,879,694,78.95,694, 78.95 ,694, 78.95 ,878, 99.89 ,341,265,87,1,606, 56.27 ,78, 11.24 ,24, 3.46 ,26, 3.75 ,52, 7.49 ,1,100,0,0,0,0,12,2, 16.67 ,0,0, -   ,0, -   ,0, -   ,0, -   ,0,0,0,0,0,0,0,17,11,35,8,22.86,34,0,0,223,40,17.94,0,0,0,0,0,0,97,0,0,20/01/2026 0:07
86,KALIMANTAN TIMUR,KOTA BONTANG,BONTANG UTARA,BONTANG UTARA II,LOK TUAN,Juli,2025,1996,1278,847,66.28,847, 66.28 ,847, 66.28 ,1278, 100.00 ,369,283,193,2,652, 56.60 ,193, 22.79 ,60, 7.08 ,19, 2.24 ,143, 16.88 ,2,100,0,0,0,0,30,22, 73.33 ,0,0, -   ,0, -   ,0, -   ,0, -   ,0,0,0,0,0,0,0,262,42,154,41,26.62,91,58,63.74,197,0,0,0,0,0,2,2,100,442,1,0.23,16/12/2025 15:32
87,KALIMANTAN TIMUR,KOTA BONTANG,BONTANG UTARA,BONTANG UTARA II,GUNTUNG,Juli,2025,466,560,238,42.50,238, 42.50 ,238, 42.50 ,511, 91.25 ,80,66,92,0,146, 54.79 ,55, 23.11 ,8, 3.36 ,6, 2.52 ,41, 17.23 ,0,0,0,0,0,0,12,7, 58.33 ,0,0, -   ,0, -   ,0, -   ,0, -   ,0,0,0,0,0,0,0,68,29,39,13,33.33,34,21,61.76,45,15,33.33,0,0,0,1,1,100,151,0,0,20/12/2025 9:02
88,KALIMANTAN TIMUR,KOTA BONTANG,BONTANG BARAT,BONTANG BARAT,KANAAN,Juli,2025,389,251,132,52.59,132, 52.59 ,132, 52.59 ,251, 100.00 ,43,64,25,0,107, 40.19 ,13, 9.85 ,5, 3.79 ,4, 3.03 ,7, 5.30 ,0,0,0,0,0,0,8,3, 37.50 ,0,0, -   ,0, -   ,0, -   ,0, -   ,0,0,0,0,0,0,0,23,24,15,2,13.33,2,1,50,46,9,19.57,1,1,100,2,2,100,48,2,4.17,14/01/2026 6:59
89,KALIMANTAN TIMUR,KOTA BONTANG,BONTANG BARAT,BONTANG BARAT,GUNUNG TELIHAN,Juli,2025,1212,784,359,45.79,359, 45.79 ,359, 45.79 ,782, 99.74 ,139,116,104,11,255, 54.51 ,50, 13.93 ,12, 3.34 ,15, 4.18 ,32, 8.91 ,11,100,0,0,0,0,14,1, 7.14 ,0,0, -   ,0, -   ,0, -   ,0, -   ,0,0,0,0,0,0,0,123,49,88,13,14.77,20,15,75,85,20,23.53,0,0,0,3,3,100,176,3,1.7,19/01/2026 11:05
90,KALIMANTAN TIMUR,KOTA BONTANG,BONTANG BARAT,BONTANG BARAT,BELIMBING,Juli,2025,1237,795,439,55.22,439, 55.22 ,439, 55.22 ,795, 100.00 ,177,167,94,16,344, 51.45 ,66, 15.03 ,16, 3.64 ,17, 3.87 ,40, 9.11 ,16,100,0,0,0,0,9,4, 44.44 ,0,0, -   ,0, -   ,0, -   ,0, -   ,0,0,0,0,0,0,0,110,28,62,13,20.97,29,22,75.86,138,23,16.67,0,0,0,1,1,100,179,0,0,14/01/2026 6:59
91,KALIMANTAN TIMUR,KOTA BONTANG,BONTANG SELATAN,BONTANG LESTARI,BONTANG LESTARI,Juni,2025,440,569,513,90.16,513, 90.16 ,513, 90.16 ,567, 99.65 ,242,238,31,2,480, 50.42 ,141, 27.49 ,47, 9.16 ,10, 1.95 ,110, 21.44 ,2,100,0,0,0,0,5,3, 60.00 ,149,139, 93.29 ,105, 75.54 ,111, 79.86 ,104, 74.82 ,0,0,0,0,0,0,0,153,72,117,0,0,70,0,0,151,0,0,0,0,0,2,2,100,211,1,0.47,23/01/2026 20:03
92,KALIMANTAN TIMUR,KOTA BONTANG,BONTANG SELATAN,BONTANG SELATAN I,SATIMPO,Juni,2025,781,335,87,25.97,87, 25.97 ,87, 25.97 ,335, 100.00 ,37,44,6,2,81, 45.68 ,25, 28.74 ,2, 2.30 ,4, 4.60 ,19, 21.84 ,2,100,0,0,0,0,3,1, 33.33 ,103,103, 100.00 ,103, 100.00 ,103, 100.00 ,103, 100.00 ,0,0,0,0,0,0,0,45,30,13,3,23.08,15,0,0,30,0,0,0,0,0,0,0,0,78,0,0,20/12/2025 10:03
93,KALIMANTAN TIMUR,KOTA BONTANG,BONTANG SELATAN,BONTANG SELATAN I,Tanjung Laut,Juni,2025,1537,795,465,58.49,465, 58.49 ,465, 58.49 ,795, 100.00 ,193,266,6,8,459, 42.05 ,116, 24.95 ,38, 8.17 ,17, 3.66 ,79, 16.99 ,6,75,0,0,0,0,9,3, 33.33 ,208,208, 100.00 ,201, 96.63 ,202, 97.12 ,198, 95.19 ,0,0,0,0,0,0,0,148,78,58,11,18.97,45,3,6.67,190,0,0,0,0,0,0,0,0,215,0,0,20/12/2025 10:09
94,KALIMANTAN TIMUR,KOTA BONTANG,BONTANG SELATAN,BONTANG SELATAN I,TANJUNG LAUT INDAH,Juni,2025,1324,764,236,30.89,236, 30.89 ,236, 30.89 ,763, 99.87 ,111,109,15,11,220, 50.45 ,68, 28.81 ,14, 5.93 ,5, 2.12 ,53, 22.46 ,10,90.91,0,0,0,0,11,4, 36.36 ,217,217, 100.00 ,214, 98.62 ,217, 100.00 ,214, 98.62 ,0,0,0,0,0,0,0,187,83,54,9,16.67,42,3,7.14,72,0,0,0,0,0,0,0,0,206,0,0,20/12/2025 10:06
95,KALIMANTAN TIMUR,KOTA BONTANG,BONTANG SELATAN,BONTANG SELATAN II,BEREBAS PANTAI,Juni,2025,949,559,283,50.63,283, 50.63 ,283, 50.63 ,559, 100.00 ,127,119,35,10,246, 51.63 ,63, 22.26 ,25, 8.83 ,6, 2.12 ,44, 15.55 ,7,70,0,0,0,0,8,6, 75.00 ,134,104, 77.61 ,93, 89.42 ,100, 96.15 ,93, 89.42 ,0,0,0,0,0,0,0,155,155,80,4,5,24,7,29.17,88,0,0,0,0,0,0,0,0,190,2,1.05,20/12/2025 9:16
96,KALIMANTAN TIMUR,KOTA BONTANG,BONTANG SELATAN,BONTANG SELATAN II,BEREBAS TENGAH,Juni,2025,1532,710,460,64.79,460, 64.79 ,460, 64.79 ,710, 100.00 ,196,205,49,10,401, 48.88 ,117, 25.43 ,23, 5.00 ,23, 5.00 ,66, 14.35 ,5,50,0,0,0,0,13,9, 69.23 ,193,149, 77.20 ,120, 80.54 ,135, 90.60 ,120, 80.54 ,0,0,0,0,0,0,0,155,139,78,5,6.41,37,4,10.81,106,0,0,1,1,100,3,3,100,287,10,3.48,12/1/2026 9:01
97,KALIMANTAN TIMUR,KOTA BONTANG,BONTANG UTARA,BONTANG UTARA I,BONTANG KUALA,Juni,2025,457,388,359,92.53,359, 92.53 ,359, 92.53 ,388, 100.00 ,237,112,10,0,349, 67.91 ,62, 17.27 ,17, 4.74 ,5, 1.39 ,40, 11.14 ,0,0,0,0,0,0,5,1, 20.00 ,106,13, 12.26 ,13, 100.00 ,13, 100.00 ,13, 100.00 ,0,0,0,0,0,0,0,12,0,20,4,20,23,0,0,88,0,0,0,0,0,0,0,0,60,0,0,12/1/2026 10:36
98,KALIMANTAN TIMUR,KOTA BONTANG,BONTANG UTARA,BONTANG UTARA I,BONTANG BARU,Juni,2025,1130,595,540,90.76,540, 90.76 ,540, 90.76 ,594, 99.83 ,290,233,17,0,523, 55.45 ,97, 17.96 ,21, 3.89 ,28, 5.19 ,55, 10.19 ,0,0,0,0,0,0,7,2, 28.57 ,175,78, 44.57 ,69, 88.46 ,66, 84.62 ,65, 83.33 ,0,0,0,0,0,0,0,14,0,30,6,20,36,0,0,184,0,0,0,0,0,0,0,0,101,0,0,19/01/2026 23:55
99,KALIMANTAN TIMUR,KOTA BONTANG,BONTANG UTARA,BONTANG UTARA I,API-API,Juni,2025,1599,773,658,85.12,658, 85.12 ,658, 85.12 ,773, 100.00 ,270,364,24,0,634, 42.59 ,110, 16.72 ,30, 4.56 ,22, 3.34 ,71, 10.79 ,0,0,0,0,0,0,5,2, 40.00 ,230,52, 22.61 ,50, 96.15 ,50, 96.15 ,50, 96.15 ,0,0,0,0,0,0,0,17,0,30,4,13.33,47,0,0,291,0,0,0,0,0,0,0,0,111,0,0,19/01/2026 23:59
100,KALIMANTAN TIMUR,KOTA BONTANG,BONTANG UTARA,BONTANG UTARA I,GUNUNG ELAI,Juni,2025,1535,897,713,79.49,713, 79.49 ,713, 79.49 ,896, 99.89 ,367,329,16,1,696, 52.73 ,95, 13.32 ,35, 4.91 ,26, 3.65 ,59, 8.27 ,1,100,0,0,0,0,10,2, 20.00 ,255,25, 9.80 ,25, 100.00 ,25, 100.00 ,25, 100.00 ,0,0,0,0,0,0,0,17,0,32,5,15.63,36,0,0,270,0,0,0,0,0,0,0,0,97,0,0,20/01/2026 0:09
101,KALIMANTAN TIMUR,KOTA BONTANG,BONTANG UTARA,BONTANG UTARA II,LOK TUAN,Juni,2025,1996,1249,788,63.09,788, 63.09 ,788, 63.09 ,1261, 100.96 ,363,369,55,3,732, 49.59 ,171, 21.70 ,61, 7.74 ,17, 2.16 ,142, 18.02 ,3,100,0,0,0,0,20,16, 80.00 ,368,356, 96.74 ,221, 62.08 ,346, 97.19 ,218, 61.24 ,0,0,0,0,0,0,0,247,38,139,9,6.47,90,0,0,251,0,0,0,0,0,2,2,100,417,1,0.24,18/12/2025 11:08
102,KALIMANTAN TIMUR,KOTA BONTANG,BONTANG UTARA,BONTANG UTARA II,GUNTUNG,Juni,2025,466,558,219,39.25,219, 39.25 ,219, 39.25 ,508, 91.04 ,99,107,13,0,206, 48.06 ,65, 29.68 ,13, 5.94 ,8, 3.65 ,64, 29.22 ,0,0,0,0,0,0,8,6, 75.00 ,165,102, 61.82 ,91, 89.22 ,102, 100.00 ,91, 89.22 ,0,0,0,0,0,0,0,63,25,31,3,9.68,52,0,0,52,0,0,0,0,0,1,1,100,148,0,0,18/12/2025 11:08
103,KALIMANTAN TIMUR,KOTA BONTANG,BONTANG BARAT,BONTANG BARAT,KANAAN,Juni,2025,389,244,146,59.84,146, 59.84 ,146, 59.84 ,244, 100.00 ,74,63,9,0,137, 54.01 ,12, 8.22 ,5, 3.42 ,5, 3.42 ,9, 6.16 ,0,0,0,0,0,0,4,0, -   ,78,47, 60.26 ,27, 57.45 ,27, 57.45 ,27, 57.45 ,0,0,0,0,0,0,0,22,24,15,2,13.33,5,0,0,58,0,0,1,1,100,2,2,100,45,2,4.44,19/01/2026 12:53
104,KALIMANTAN TIMUR,KOTA BONTANG,BONTANG BARAT,BONTANG BARAT,GUNUNG TELIHAN,Juni,2025,1212,786,348,44.27,348, 44.27 ,348, 44.27 ,784, 99.75 ,157,166,25,0,323, 48.61 ,47, 13.51 ,17, 4.89 ,13, 3.74 ,33, 9.48 ,0,0,0,0,0,0,8,0, -   ,221,126, 57.01 ,59, 46.83 ,59, 46.83 ,59, 46.83 ,0,0,0,0,0,0,0,122,49,81,6,7.41,23,0,0,139,0,0,0,0,0,3,3,100,163,1,0.61,19/01/2026 11:04
105,KALIMANTAN TIMUR,KOTA BONTANG,BONTANG BARAT,BONTANG BARAT,BELIMBING,Juni,2025,1237,799,417,52.19,417, 52.19 ,417, 52.19 ,799, 100.00 ,196,209,12,0,405, 48.40 ,62, 14.87 ,18, 4.32 ,14, 3.36 ,42, 10.07 ,0,0,0,0,0,0,18,2, 11.11 ,225,129, 57.33 ,60, 46.51 ,60, 46.51 ,60, 46.51 ,0,0,0,0,0,0,0,106,28,57,3,5.26,27,0,0,175,0,0,0,0,0,0,0,0,169,0,0,14/01/2026 6:55
106,KALIMANTAN TIMUR,KOTA BONTANG,BONTANG SELATAN,BONTANG LESTARI,BONTANG LESTARI,Mei,2025,440,559,559,100.00,559, 100.00 ,559, 100.00 ,557, 99.64 ,192,225,142,0,417, 46.04 ,147, 26.30 ,51, 9.12 ,11, 1.97 ,125, 22.36 ,0,0,0,0,0,0,4,0, -   ,0,0, -   ,0, -   ,0, -   ,0, -   ,0,0,0,0,0,0,0,141,72,105,0,0,81,0,0,157,0,0,0,0,0,2,2,100,205,1,0.49,23/1/2026 20:03
107,KALIMANTAN TIMUR,KOTA BONTANG,BONTANG SELATAN,BONTANG SELATAN I,SATIMPO,Mei,2025,781,336,336,100.00,336, 100.00 ,336, 100.00 ,336, 100.00 ,43,57,236,5,100, 43.00 ,66, 19.64 ,15, 4.46 ,13, 3.87 ,38, 11.31 ,5,100,0,0,0,0,5,2, 40.00 ,0,0, -   ,0, -   ,0, -   ,0, -   ,0,0,0,0,0,0,0,45,22,13,0,0,25,2,8,43,0,0,0,0,0,0,0,0,78,0,0,20/12/2025 9:59
108,KALIMANTAN TIMUR,KOTA BONTANG,BONTANG SELATAN,BONTANG SELATAN I,Tanjung Laut,Mei,2025,1537,802,802,100.00,802, 100.00 ,802, 100.00 ,802, 100.00 ,239,244,317,16,483, 49.48 ,176, 21.95 ,65, 8.10 ,31, 3.87 ,126, 15.71 ,13,81.25,0,0,0,0,6,3, 50.00 ,0,0, -   ,0, -   ,0, -   ,0, -   ,0,0,0,0,0,0,0,142,69,55,1,1.82,73,1,1.37,172,0,0,0,0,0,0,0,0,204,0,0,12/1/2026 10:56
109,KALIMANTAN TIMUR,KOTA BONTANG,BONTANG SELATAN,BONTANG SELATAN I,TANJUNG LAUT INDAH,Mei,2025,1324,753,753,100.00,753, 100.00 ,753, 100.00 ,752, 99.87 ,122,147,484,6,269, 45.35 ,181, 24.04 ,72, 9.56 ,20, 2.66 ,166, 22.05 ,5,83.33,0,0,0,0,14,8, 57.14 ,0,0, -   ,0, -   ,0, -   ,0, -   ,0,0,0,0,0,0,0,185,76,48,3,6.25,100,3,3,89,0,0,0,0,0,0,0,0,202,0,0,12/1/2026 10:53
110,KALIMANTAN TIMUR,KOTA BONTANG,BONTANG SELATAN,BONTANG SELATAN II,BEREBAS PANTAI,Mei,2025,949,539,539,100.00,539, 100.00 ,539, 100.00 ,537, 99.63 ,243,232,64,3,475, 51.16 ,106, 19.67 ,46, 8.53 ,6, 1.11 ,99, 18.37 ,3,100,0,0,0,0,6,2, 33.33 ,0,0, -   ,0, -   ,0, -   ,0, -   ,0,0,0,0,0,0,0,143,143,73,0,0,63,0,0,155,0,0,0,0,0,0,0,0,180,2,1.11,31/12/2025 9:42
111,KALIMANTAN TIMUR,KOTA BONTANG,BONTANG SELATAN,BONTANG SELATAN II,BEREBAS TENGAH,Mei,2025,1532,693,693,100.00,693, 100.00 ,693, 100.00 ,692, 99.86 ,328,303,62,8,631, 51.98 ,127, 18.33 ,41, 5.92 ,23, 3.32 ,101, 14.57 ,8,100,0,0,0,0,9,1, 11.11 ,0,0, -   ,0, -   ,0, -   ,0, -   ,0,0,0,0,0,0,0,153,132,71,0,0,61,0,0,220,0,0,0,0,0,3,3,100,271,8,2.95,31/12/2025 9:43
112,KALIMANTAN TIMUR,KOTA BONTANG,BONTANG UTARA,BONTANG UTARA I,BONTANG KUALA,Mei,2025,457,387,387,100.00,387, 100.00 ,387, 100.00 ,387, 100.00 ,172,145,69,1,317, 54.26 ,53, 13.70 ,25, 6.46 ,6, 1.55 ,52, 13.44 ,1,100,0,0,0,0,7,0, -   ,0,0, -   ,0, -   ,0, -   ,0, -   ,0,0,0,0,0,0,0,12,0,20,0,0,32,0,0,106,0,0,0,0,0,0,0,0,50,0,0,19/1/2026 23:53
113,KALIMANTAN TIMUR,KOTA BONTANG,BONTANG UTARA,BONTANG UTARA I,BONTANG BARU,Mei,2025,1130,615,615,100.00,615, 100.00 ,615, 100.00 ,614, 99.84 ,242,249,122,2,491, 49.29 ,70, 11.38 ,31, 5.04 ,30, 4.88 ,60, 9.76 ,2,100,0,0,0,0,4,0, -   ,0,0, -   ,0, -   ,0, -   ,0, -   ,0,0,0,0,0,0,0,14,0,30,0,0,34,0,0,189,0,0,0,0,0,0,0,0,86,0,0,19/1/2026 23:56
114,KALIMANTAN TIMUR,KOTA BONTANG,BONTANG UTARA,BONTANG UTARA I,API-API,Mei,2025,1599,796,796,100.00,796, 100.00 ,796, 100.00 ,796, 100.00 ,301,257,238,0,558, 53.94 ,115, 14.45 ,30, 3.77 ,24, 3.02 ,83, 10.43 ,0,0,0,0,0,0,11,2, 18.18 ,0,0, -   ,0, -   ,0, -   ,0, -   ,0,0,0,0,0,0,0,16,0,27,0,0,62,0,0,209,0,0,0,0,0,0,0,0,111,0,0,19/1/2026 23:58
115,KALIMANTAN TIMUR,KOTA BONTANG,BONTANG UTARA,BONTANG UTARA I,GUNUNG ELAI,Mei,2025,1535,907,907,100.00,907, 100.00 ,907, 100.00 ,906, 99.89 ,319,310,274,3,629, 50.72 ,96, 10.58 ,66, 7.28 ,24, 2.65 ,88, 9.70 ,3,100,0,0,0,0,10,1, 10.00 ,0,0, -   ,0, -   ,0, -   ,0, -   ,0,0,0,0,0,0,0,17,0,32,0,0,53,0,0,248,0,0,0,0,0,0,0,0,95,0,0,20/1/2026 0:08
116,KALIMANTAN TIMUR,KOTA BONTANG,BONTANG UTARA,BONTANG UTARA II,LOK TUAN,Mei,2025,1996,1253,1252,99.92,1252, 99.92 ,1252, 99.92 ,1253, 100.00 ,290,419,543,1,709, 40.90 ,261, 20.85 ,105, 8.39 ,34, 2.72 ,204, 16.29 ,1,100,0,0,0,0,18,16, 88.89 ,0,0, -   ,0, -   ,0, -   ,0, -   ,0,0,0,0,0,0,0,205,34,106,0,0,119,0,0,287,0,0,0,0,0,1,1,100,394,1,0.25,16/12/2025 15:31
117,KALIMANTAN TIMUR,KOTA BONTANG,BONTANG UTARA,BONTANG UTARA II,GUNTUNG,Mei,2025,466,568,568,100.00,568, 100.00 ,568, 100.00 ,517, 91.02 ,220,213,135,0,433, 50.81 ,123, 21.65 ,37, 6.51 ,12, 2.11 ,89, 15.67 ,0,0,0,0,0,0,10,6, 60.00 ,0,0, -   ,0, -   ,0, -   ,0, -   ,0,0,0,0,0,0,0,59,20,29,0,0,55,0,0,147,0,0,0,0,0,1,1,100,124,0,0,16/12/2025 15:38
118,KALIMANTAN TIMUR,KOTA BONTANG,BONTANG BARAT,BONTANG BARAT,KANAAN,Mei,2025,389,247,247,100.00,247, 100.00 ,247, 100.00 ,247, 100.00 ,44,65,138,1,109, 40.37 ,25, 10.12 ,8, 3.24 ,7, 2.83 ,18, 7.29 ,1,100,0,0,0,0,4,3, 75.00 ,0,0, -   ,0, -   ,0, -   ,0, -   ,0,0,0,0,0,0,0,22,24,14,2,14.29,11,0,0,56,0,0,1,1,100,2,2,100,43,2,4.65,14/1/2026 6:53
119,KALIMANTAN TIMUR,KOTA BONTANG,BONTANG BARAT,BONTANG BARAT,GUNUNG TELIHAN,Mei,2025,1212,794,794,100.00,794, 100.00 ,794, 100.00 ,792, 99.75 ,189,175,426,2,364, 51.92 ,102, 12.85 ,42, 5.29 ,28, 3.53 ,82, 10.33 ,2,100,0,0,0,0,7,1, 14.29 ,0,0, -   ,0, -   ,0, -   ,0, -   ,0,0,0,0,0,0,0,114,49,74,6,8.11,53,0,0,134,0,0,0,0,0,3,3,100,152,1,0.66,19/1/2026 11:03
120,KALIMANTAN TIMUR,KOTA BONTANG,BONTANG BARAT,BONTANG BARAT,BELIMBING,Mei,2025,1237,809,809,100.00,809, 100.00 ,809, 100.00 ,809, 100.00 ,199,199,411,0,398, 50.00 ,106, 13.10 ,26, 3.21 ,33, 4.08 ,68, 8.41 ,0,0,0,0,0,0,5,0, -   ,0,0, -   ,0, -   ,0, -   ,0, -   ,0,0,0,0,0,0,0,100,28,54,3,5.56,49,0,0,165,0,0,0,0,0,0,0,0,163,0,0,14/1/2026 6:54
121,KALIMANTAN TIMUR,KOTA BONTANG,BONTANG SELATAN,BONTANG LESTARI,BONTANG LESTARI,April,2025,440,569,442,77.68,442, 77.68 ,442, 77.68 ,567, 99.65 ,230,189,22,1,419, 54.89 ,127, 28.73 ,41, 9.28 ,9, 2.04 ,95, 21.49 ,1,100,0,0,0,0,13,8, 61.54 ,0,0, -   ,0, -   ,0, -   ,0, -   ,0,0,0,0,0,0,0,122,72,89,0,0,65,0,0,130,0,0,0,0,0,2,2,100,189,0,0,22/1/2026 9:27
122,KALIMANTAN TIMUR,KOTA BONTANG,BONTANG SELATAN,BONTANG SELATAN I,SATIMPO,April,2025,781,446,122,27.35,122, 27.35 ,122, 27.35 ,446, 100.00 ,50,50,22,1,100, 50.00 ,21, 17.21 ,6, 4.92 ,3, 2.46 ,17, 13.93 ,1,100,0,0,0,0,2,0, -   ,0,0, -   ,0, -   ,0, -   ,0, -   ,0,0,0,0,0,0,0,32,16,8,0,0,13,0,0,38,0,0,0,0,0,0,0,0,41,0,0,19/12/2025 15:32
123,KALIMANTAN TIMUR,KOTA BONTANG,BONTANG SELATAN,BONTANG SELATAN I,Tanjung Laut,April,2025,1537,820,491,59.88,491, 59.88 ,491, 59.88 ,820, 100.00 ,173,146,171,1,319, 54.23 ,113, 23.01 ,35, 7.13 ,24, 4.89 ,88, 17.92 ,1,100,0,0,0,0,8,3, 37.50 ,0,0, -   ,0, -   ,0, -   ,0, -   ,0,0,0,0,0,0,0,116,51,33,0,0,58,0,0,101,0,0,0,0,0,0,0,0,140,0,0,19/12/2025 15:34
124,KALIMANTAN TIMUR,KOTA BONTANG,BONTANG SELATAN,BONTANG SELATAN I,TANJUNG LAUT INDAH,April,2025,1324,807,237,29.37,237, 29.37 ,237, 29.37 ,807, 100.00 ,73,77,87,10,150, 48.67 ,76, 32.07 ,20, 8.44 ,3, 1.27 ,65, 27.43 ,10,100,0,0,0,0,8,5, 62.50 ,0,0, -   ,0, -   ,0, -   ,0, -   ,0,0,0,0,0,0,0,108,56,29,0,0,49,0,0,46,0,0,0,0,0,0,0,0,130,0,0,31/12/2025 8:09
125,KALIMANTAN TIMUR,KOTA BONTANG,BONTANG SELATAN,BONTANG SELATAN II,BEREBAS PANTAI,April,2025,949,553,292,52.80,292, 52.80 ,292, 52.80 ,550, 99.46 ,144,147,0,5,291, 49.48 ,78, 26.71 ,19, 6.51 ,7, 2.40 ,43, 14.73 ,5,100,0,0,0,0,6,4, 66.67 ,0,0, -   ,0, -   ,0, -   ,0, -   ,0,0,0,0,0,0,0,92,52,45,0,0,28,0,0,92,0,0,0,0,0,0,0,0,144,1,0.69,18/11/2025 22:17
126,KALIMANTAN TIMUR,KOTA BONTANG,BONTANG SELATAN,BONTANG SELATAN II,BEREBAS TENGAH,April,2025,1532,760,237,31.18,237, 31.18 ,237, 31.18 ,759, 99.87 ,114,117,6,10,231, 49.35 ,55, 23.21 ,11, 4.64 ,12, 5.06 ,34, 14.35 ,4,40,0,0,0,0,9,6, 66.67 ,0,0, -   ,0, -   ,0, -   ,0, -   ,0,0,0,0,0,0,0,131,31,54,0,0,23,0,0,83,0,0,0,0,0,3,3,100,248,8,3.23,31/12/2025 8:17
127,KALIMANTAN TIMUR,KOTA BONTANG,BONTANG UTARA,BONTANG UTARA I,BONTANG KUALA,April,2025,457,352,319,90.63,319, 90.63 ,319, 90.63 ,352, 100.00 ,171,130,17,1,301, 56.81 ,45, 14.11 ,22, 6.90 ,4, 1.25 ,35, 10.97 ,1,100,0,0,0,0,8,0, -   ,0,0, -   ,0, -   ,0, -   ,0, -   ,0,0,0,0,0,0,0,8,0,17,0,0,20,1,5,94,0,0,0,0,0,0,0,0,46,0,0,19/01/2026 23:52
128,KALIMANTAN TIMUR,KOTA BONTANG,BONTANG UTARA,BONTANG UTARA I,BONTANG BARU,April,2025,1130,562,499,88.79,499, 88.79 ,499, 88.79 ,561, 99.82 ,251,223,25,0,474, 52.95 ,92, 18.44 ,27, 5.41 ,14, 2.81 ,59, 11.82 ,0,0,0,0,0,0,8,2, 25.00 ,0,0, -   ,0, -   ,0, -   ,0, -   ,0,0,0,0,0,0,0,12,0,29,0,0,33,0,0,176,0,0,0,0,0,0,0,0,86,0,0,19/01/2026 23:56
129,KALIMANTAN TIMUR,KOTA BONTANG,BONTANG UTARA,BONTANG UTARA I,API-API,April,2025,1599,733,563,76.81,563, 76.81 ,563, 76.81 ,733, 100.00 ,229,192,141,1,421, 54.39 ,103, 18.29 ,22, 3.91 ,20, 3.55 ,55, 9.77 ,1,100,0,0,0,0,9,6, 66.67 ,0,0, -   ,0, -   ,0, -   ,0, -   ,0,0,0,0,0,0,0,16,0,27,0,0,0,0,0,0,0,0,0,0,0,0,0,0,92,0,0,19/01/2026 23:58
130,KALIMANTAN TIMUR,KOTA BONTANG,BONTANG UTARA,BONTANG UTARA I,GUNUNG ELAI,April,2025,1535,765,631,82.48,631, 82.48 ,631, 82.48 ,764, 99.87 ,242,333,55,1,575, 42.09 ,58, 9.19 ,30, 4.75 ,21, 3.33 ,50, 7.92 ,1,100,0,0,0,0,5,1, 20.00 ,0,0, -   ,0, -   ,0, -   ,0, -   ,0,0,0,0,0,0,0,13,0,30,0,0,31,0,0,280,0,0,0,0,0,0,0,0,69,0,0,20/01/2026 0:08
131,KALIMANTAN TIMUR,KOTA BONTANG,BONTANG UTARA,BONTANG UTARA II,LOK TUAN,April,2025,1996,1276,816,63.95,816, 63.95 ,816, 63.95 ,1276, 100.00 ,382,307,115,12,689, 55.44 ,172, 21.08 ,44, 5.39 ,20, 2.45 ,121, 14.83 ,12,100,0,0,0,0,15,11, 73.33 ,0,0, -   ,0, -   ,0, -   ,0, -   ,0,0,0,0,0,0,0,183,29,91,0,0,82,0,0,221,0,0,0,0,0,1,1,100,329,1,0.3,3/1/2026 9:11
132,KALIMANTAN TIMUR,KOTA BONTANG,BONTANG UTARA,BONTANG UTARA II,GUNTUNG,April,2025,466,641,235,36.66,235, 36.66 ,235, 36.66 ,641, 100.00 ,119,106,10,0,225, 52.89 ,60, 25.53 ,20, 8.51 ,10, 4.26 ,44, 18.72 ,0,0,0,0,0,0,6,6, 100.00 ,0,0, -   ,0, -   ,0, -   ,0, -   ,0,0,0,0,0,0,0,56,17,25,0,0,33,0,0,66,0,0,0,0,0,1,1,100,106,0,0,16/12/2025 15:37
133,KALIMANTAN TIMUR,KOTA BONTANG,BONTANG BARAT,BONTANG BARAT,KANAAN,April,2025,389,257,112,43.58,112, 43.58 ,112, 43.58 ,257, 100.00 ,37,40,35,0,77, 48.05 ,8, 7.14 ,4, 3.57 ,4, 3.57 ,4, 3.57 ,0,0,0,0,0,0,2,0, -   ,0,0, -   ,0, -   ,0, -   ,0, -   ,0,0,0,0,0,0,0,13,24,10,0,0,1,0,0,34,0,0,0,0,0,1,1,100,31,0,0,14/01/2026 6:52
134,KALIMANTAN TIMUR,KOTA BONTANG,BONTANG BARAT,BONTANG BARAT,GUNUNG TELIHAN,April,2025,1212,795,357,44.91,357, 44.91 ,357, 44.91 ,795, 100.00 ,136,112,109,0,248, 54.84 ,48, 13.45 ,9, 2.52 ,10, 2.80 ,27, 7.56 ,0,0,0,0,0,0,6,0, -   ,0,0, -   ,0, -   ,0, -   ,0, -   ,0,0,0,0,0,0,0,79,43,51,0,0,22,0,0,97,0,0,0,0,0,3,3,100,111,1,0.9,19/01/2026 11:02
135,KALIMANTAN TIMUR,KOTA BONTANG,BONTANG BARAT,BONTANG BARAT,BELIMBING,April,2025,1237,840,398,47.38,398, 47.38 ,398, 47.38 ,840, 100.00 ,151,128,119,0,279, 54.12 ,72, 18.09 ,10, 2.51 ,14, 3.52 ,34, 8.54 ,0,0,0,0,0,0,9,2, 22.22 ,0,0, -   ,0, -   ,0, -   ,0, -   ,0,0,0,0,0,0,0,77,26,38,0,0,31,0,0,100,0,0,0,0,0,0,0,0,131,0,0,14/01/2026 6:52
136,KALIMANTAN TIMUR,KOTA BONTANG,BONTANG SELATAN,BONTANG LESTARI,BONTANG LESTARI,Maret,2025,440,584,516,88.36,516, 88.36 ,516, 88.36 ,582, 99.66 ,274,216,25,1,490, 55.92 ,142, 27.52 ,55, 10.66 ,12, 2.33 ,111, 21.51 ,1,100,0,0,0,0,4,0, -   ,151,111, 73.51 ,89, 80.18 ,107, 96.40 ,89, 80.18 ,0,0,0,0,0,0,0,11,62,82,0,0,72,0,0,130,0,0,0,0,0,2,2,100,178,0,0,22/1/2026 9:27
137,KALIMANTAN TIMUR,KOTA BONTANG,BONTANG SELATAN,BONTANG SELATAN I,SATIMPO,Maret,2025,781,479,130,27.14,130, 27.14 ,130, 27.14 ,479, 100.00 ,49,58,23,6,107, 45.79 ,26, 20.00 ,3, 2.31 ,3, 2.31 ,15, 11.54 ,0,0,0,0,0,0,5,3, 60.00 ,121,110, 90.91 ,109, 99.09 ,109, 99.09 ,109, 99.09 ,0,0,0,0,0,0,0,29,12,8,0,0,13,0,0,47,0,0,0,0,0,0,0,0,38,0,0,19/12/2025 15:28
138,KALIMANTAN TIMUR,KOTA BONTANG,BONTANG SELATAN,BONTANG SELATAN I,Tanjung Laut,Maret,2025,1537,942,404,42.89,404, 42.89 ,404, 42.89 ,942, 100.00 ,182,172,48,2,354, 51.41 ,87, 21.53 ,33, 8.17 ,21, 5.02 ,68, 16.83 ,2,100,0,0,0,0,13,2, 15.38 ,257,229, 89.11 ,227, 99.13 ,228, 99.56 ,227, 99.13 ,0,0,0,0,0,0,0,109,43,33,0,0,40,0,0,118,0,0,0,0,0,0,0,0,133,0,0,19/12/2025 15:29
139,KALIMANTAN TIMUR,KOTA BONTANG,BONTANG SELATAN,BONTANG SELATAN I,TANJUNG LAUT INDAH,Maret,2025,1324,1018,233,22.89,233, 22.89 ,233, 22.89 ,1018, 100.00 ,102,81,49,1,183, 55.74 ,66, 28.33 ,16, 6.87 ,2, 0.86 ,50, 21.46 ,1,100,0,0,0,0,12,5, 41.67 ,274,234, 85.40 ,232, 99.15 ,232, 99.15 ,232, 99.15 ,0,0,0,0,0,0,0,104,50,28,0,0,30,0,0,47,0,0,0,0,0,0,0,0,123,0,0,19/12/2025 15:30
140,KALIMANTAN TIMUR,KOTA BONTANG,BONTANG SELATAN,BONTANG SELATAN II,BEREBAS PANTAI,Maret,2025,949,599,240,40.07,240, 40.07 ,240, 40.07 ,596, 99.50 ,110,122,4,13,232, 47.41 ,59, 24.58 ,18, 7.50 ,5, 2.08 ,36, 15.00 ,12,92.31,0,0,0,0,11,4, 36.36 ,159,77, 48.43 ,70, 90.91 ,75, 97.40 ,70, 90.91 ,0,0,0,0,0,0,0,79,42,36,0,0,23,0,0,87,0,0,0,0,0,0,0,0,127,0,0,18/11/2025 22:17
141,KALIMANTAN TIMUR,KOTA BONTANG,BONTANG SELATAN,BONTANG SELATAN II,BEREBAS TENGAH,Maret,2025,1532,776,256,32.99,256, 32.99 ,256, 32.99 ,773, 99.61 ,120,130,0,11,250, 48.00 ,54, 21.09 ,14, 5.47 ,7, 2.73 ,35, 13.67 ,11,100,0,0,0,0,9,5, 55.56 ,220,105, 47.73 ,85, 80.95 ,99, 94.29 ,85, 80.95 ,0,0,0,0,0,0,0,117,25,39,0,0,20,0,0,91,0,0,0,0,0,3,3,100,232,5,2.16,18/11/2025 22:16
142,KALIMANTAN TIMUR,KOTA BONTANG,BONTANG UTARA,BONTANG UTARA I,BONTANG KUALA,Maret,2025,457,352,310,88.07,310, 88.07 ,310, 88.07 ,352, 100.00 ,171,126,12,1,297, 57.58 ,50, 16.13 ,14, 4.52 ,6, 1.94 ,30, 9.68 ,1,100,0,0,0,0,2,0, -   ,108,108, 100.00 ,108, 100.00 ,108, 100.00 ,108, 100.00 ,0,0,0,0,0,0,0,8,0,17,0,0,21,0,0,97,0,0,0,0,0,0,0,0,46,0,0,19/01/2026 23:52
143,KALIMANTAN TIMUR,KOTA BONTANG,BONTANG UTARA,BONTANG UTARA I,BONTANG BARU,Maret,2025,1130,577,516,89.43,516, 89.43 ,516, 89.43 ,576, 99.83 ,236,242,36,2,478, 49.37 ,86, 16.67 ,27, 5.23 ,25, 4.84 ,55, 10.66 ,2,100,0,0,0,0,7,1, 14.29 ,183,182, 99.45 ,174, 95.60 ,172, 94.51 ,171, 93.96 ,0,0,0,0,0,0,0,11,0,28,0,0,32,0,0,193,0,0,0,0,0,0,0,0,86,0,0,19/1/2026 23:56
144,KALIMANTAN TIMUR,KOTA BONTANG,BONTANG UTARA,BONTANG UTARA I,API-API,Maret,2025,1599,851,457,53.70,457, 53.70 ,457, 53.70 ,851, 100.00 ,164,242,50,1,406, 40.39 ,84, 18.38 ,17, 3.72 ,22, 4.81 ,42, 9.19 ,1,100,0,0,0,0,13,6, 46.15 ,273,273, 100.00 ,273, 100.00 ,272, 99.63 ,272, 99.63 ,0,0,0,0,0,0,0,16,0,27,0,0,28,0,0,199,0,0,0,0,0,0,0,0,92,0,0,19/1/2026 23:58
145,KALIMANTAN TIMUR,KOTA BONTANG,BONTANG UTARA,BONTANG UTARA I,GUNUNG ELAI,Maret,2025,1535,762,605,79.40,605, 79.40 ,605, 79.40 ,761, 99.87 ,291,294,20,0,585, 49.74 ,58, 9.59 ,29, 4.79 ,18, 2.98 ,41, 6.78 ,0,0,0,0,0,0,10,1, 10.00 ,283,283, 100.00 ,280, 98.94 ,280, 98.94 ,280, 98.94 ,0,0,0,0,0,0,0,13,0,29,0,0,23,0,0,245,0,0,0,0,0,0,0,0,69,0,0,20/1/2026 0:08
146,KALIMANTAN TIMUR,KOTA BONTANG,BONTANG UTARA,BONTANG UTARA II,LOK TUAN,Maret,2025,1996,1285,610,47.47,610, 47.47 ,610, 47.47 ,1285, 100.00 ,306,304,0,0,610, 50.16 ,129, 21.15 ,51, 8.36 ,16, 2.62 ,105, 17.21 ,0,0,0,0,0,0,22,17, 77.27 ,408,275, 67.40 ,184, 66.91 ,260, 94.55 ,183, 66.55 ,0,0,0,0,0,0,0,161,25,61,0,0,67,0,0,212,0,0,0,0,0,1,1,100,295,1,0.34,19/01/2026 10:18
147,KALIMANTAN TIMUR,KOTA BONTANG,BONTANG UTARA,BONTANG UTARA II,GUNTUNG,Maret,2025,466,679,213,31.37,213, 31.37 ,213, 31.37 ,679, 100.00 ,111,99,3,0,210, 52.86 ,51, 23.94 ,19, 8.92 ,14, 6.57 ,41, 19.25 ,0,0,0,0,0,0,3,3, 100.00 ,167,142, 85.03 ,86, 60.56 ,135, 95.07 ,84, 59.15 ,0,0,0,0,0,0,0,51,15,21,0,0,25,0,0,59,0,0,0,0,0,1,1,100,91,0,0,19/12/2025 6:59
148,KALIMANTAN TIMUR,KOTA BONTANG,BONTANG BARAT,BONTANG BARAT,KANAAN,Maret,2025,389,266,101,37.97,101, 37.97 ,101, 37.97 ,266, 100.00 ,50,42,8,1,92, 54.35 ,11, 10.89 ,1, 0.99 ,4, 3.96 ,4, 3.96 ,1,100,0,0,0,0,2,0, -   ,87,0, -   ,17, -   ,17, -   ,17, -   ,0,0,0,0,0,0,0,12,24,9,0,0,3,0,0,36,0,0,0,0,0,1,1,100,29,0,0,14/1/2026 6:49
149,KALIMANTAN TIMUR,KOTA BONTANG,BONTANG BARAT,BONTANG BARAT,GUNUNG TELIHAN,Maret,2025,1212,804,365,45.40,365, 45.40 ,365, 45.40 ,804, 100.00 ,152,140,72,0,292, 52.05 ,50, 13.70 ,18, 4.93 ,10, 2.74 ,36, 9.86 ,0,0,0,0,0,0,11,1, 9.09 ,251,0, -   ,64, -   ,64, -   ,64, -   ,0,0,0,0,0,0,0,73,40,47,0,0,23,0,0,117,0,0,0,0,0,3,3,100,99,1,1.01,19/1/2026 11:01
150,KALIMANTAN TIMUR,KOTA BONTANG,BONTANG BARAT,BONTANG BARAT,BELIMBING,Maret,2025,1237,853,351,41.15,351, 41.15 ,351, 41.15 ,853, 100.00 ,158,159,33,1,317, 49.84 ,56, 15.95 ,5, 1.42 ,10, 2.85 ,36, 10.26 ,1,100,0,0,0,0,2,1, 50.00 ,227,114, 50.22 ,54, 47.37 ,55, 48.25 ,54, 47.37 ,0,0,0,0,0,0,0,71,26,32,0,0,31,0,0,128,0,0,0,0,0,0,0,0,118,0,0,14/1/2026 6:51
151,KALIMANTAN TIMUR,KOTA BONTANG,BONTANG SELATAN,BONTANG LESTARI,BONTANG LESTARI,Februari,2025,440,597,528,88.44,528, 88.44 ,528, 88.44 ,594, 99.50 ,202,211,115,0,413, 48.91 ,126, 23.86 ,54, 10.23 ,10, 1.89 ,116, 21.97 ,0,0,41,35,35,100,8,0, -   ,0,0, -   ,0, -   ,0, -   ,0, -   ,48,34,70.83,508,456,89.76,0,92,30,59,0,0,64,0,0,139,0,0,0,0,0,0,0,0,150,0,0,22/01/2026 9:27
152,KALIMANTAN TIMUR,KOTA BONTANG,BONTANG SELATAN,BONTANG SELATAN I,SATIMPO,Februari,2025,781,464,219,47.20,219, 47.20 ,219, 47.20 ,463, 99.78 ,88,79,52,0,167, 52.69 ,36, 16.44 ,12, 5.48 ,5, 2.28 ,26, 11.87 ,0,0,17,7,3,42.86,2,0, -   ,0,0, -   ,0, -   ,0, -   ,0, -   ,40,40,100,407,400,98.28,0,25,6,7,0,0,20,0,0,64,0,0,0,0,0,0,0,0,36,0,0,19/12/2025 15:25
153,KALIMANTAN TIMUR,KOTA BONTANG,BONTANG SELATAN,BONTANG SELATAN I,Tanjung Laut,Februari,2025,1537,934,554,59.31,554, 59.31 ,554, 59.31 ,931, 99.68 ,194,194,165,1,388, 50.00 ,123, 22.20 ,44, 7.94 ,31, 5.60 ,102, 18.41 ,1,100,55,26,22,84.62,13,3, 23.08 ,0,0, -   ,0, -   ,0, -   ,0, -   ,73,72,98.63,806,790,98.01,0,101,33,31,0,0,63,0,0,125,0,0,0,0,0,0,0,0,123,0,0,12/1/2026 10:47
154,KALIMANTAN TIMUR,KOTA BONTANG,BONTANG SELATAN,BONTANG SELATAN I,TANJUNG LAUT INDAH,Februari,2025,1324,1007,356,35.35,356, 35.35 ,356, 35.35 ,1006, 99.90 ,106,148,100,2,254, 41.73 ,118, 33.15 ,36, 10.11 ,7, 1.97 ,81, 22.75 ,1,50,61,53,47,88.68,17,5, 29.41 ,0,0, -   ,0, -   ,0, -   ,0, -   ,82,80,97.56,864,826,95.6,0,97,36,26,0,0,45,0,0,82,0,0,0,0,0,0,0,0,118,0,0,12/1/2026 10:45
155,KALIMANTAN TIMUR,KOTA BONTANG,BONTANG SELATAN,BONTANG SELATAN II,BEREBAS PANTAI,Februari,2025,949,600,300,50.00,300, 50.00 ,300, 50.00 ,597, 99.50 ,151,142,3,5,293, 51.54 ,79, 26.33 ,18, 6.00 ,5, 1.67 ,48, 16.00 ,5,100,43,18,11,61.11,7,1, 14.29 ,0,0, -   ,0, -   ,0, -   ,0, -   ,41,16,39.02,516,275,53.29,0,69,23,27,0,0,33,0,0,103,0,0,0,0,0,0,0,0,113,0,0,18/11/2025 22:16
156,KALIMANTAN TIMUR,KOTA BONTANG,BONTANG SELATAN,BONTANG SELATAN II,BEREBAS TENGAH,Februari,2025,1532,781,550,70.42,550, 70.42 ,550, 70.42 ,778, 99.62 ,228,311,4,9,539, 42.30 ,158, 28.73 ,22, 4.00 ,22, 4.00 ,77, 14.00 ,7,77.78,69,29,13,44.83,7,2, 28.57 ,0,0, -   ,0, -   ,0, -   ,0, -   ,68,47,69.12,644,454,70.5,0,109,14,34,0,0,59,0,0,230,0,0,0,0,0,2,2,100,221,4,1.81,5/8/2025 10:37
157,KALIMANTAN TIMUR,KOTA BONTANG,BONTANG UTARA,BONTANG UTARA I,BONTANG KUALA,Februari,2025,457,348,319,91.67,319, 91.67 ,319, 91.67 ,348, 100.00 ,178,125,16,0,303, 58.75 ,50, 15.67 ,12, 3.76 ,12, 3.76 ,32, 10.03 ,0,0,24,5,5,100,2,1, 50.00 ,0,0, -   ,0, -   ,0, -   ,0, -   ,28,22,78.57,296,247,83.45,0,6,0,14,0,0,22,0,0,98,0,0,0,0,0,0,0,0,46,0,0,19/01/2026 23:52
158,KALIMANTAN TIMUR,KOTA BONTANG,BONTANG UTARA,BONTANG UTARA I,BONTANG BARU,Februari,2025,1130,566,495,87.46,495, 87.46 ,495, 87.46 ,565, 99.82 ,235,217,42,1,452, 51.99 ,93, 18.79 ,26, 5.25 ,18, 3.64 ,59, 11.92 ,1,100,24,18,18,100,8,4, 50.00 ,0,0, -   ,0, -   ,0, -   ,0, -   ,51,43,84.31,491,420,85.54,0,11,0,27,0,0,35,0,0,167,0,0,0,0,0,0,0,0,86,0,0,19/01/2026 23:56
159,KALIMANTAN TIMUR,KOTA BONTANG,BONTANG UTARA,BONTANG UTARA I,API-API,Februari,2025,1599,719,516,71.77,516, 71.77 ,516, 71.77 ,719, 100.00 ,245,210,61,0,455, 53.85 ,89, 17.25 ,27, 5.23 ,17, 3.29 ,58, 11.24 ,0,0,22,11,11,100,4,1, 25.00 ,0,0, -   ,0, -   ,0, -   ,0, -   ,51,30,58.82,646,393,60.84,0,15,0,22,0,0,40,0,0,163,0,0,0,0,0,0,0,0,92,0,0,19/01/2026 23:58
160,KALIMANTAN TIMUR,KOTA BONTANG,BONTANG UTARA,BONTANG UTARA I,GUNUNG ELAI,Februari,2025,1535,757,644,85.07,644, 85.07 ,644, 85.07 ,756, 99.87 ,323,281,40,0,604, 53.48 ,73, 11.34 ,34, 5.28 ,29, 4.05 ,56, 8.70 ,0,0,26,14,14,100,9,4, 44.44 ,0,0, -   ,0, -   ,0, -   ,0, -   ,62,51,82.26,669,550,82.21,0,13,0,13,0,0,30,0,0,242,0,0,0,0,0,0,0,0,69,0,0,20/01/2026 0:08
161,KALIMANTAN TIMUR,KOTA BONTANG,BONTANG UTARA,BONTANG UTARA II,LOK TUAN,Februari,2025,1996,1656,975,58.88,975, 58.88 ,975, 58.88 ,1656, 100.00 ,465,480,30,1,945, 49.21 ,236, 24.21 ,79, 8.01 ,30, 3.80 ,172, 17.64 ,1,100,108,67,64,95.52,21,13, 61.90 ,0,0, -   ,0, -   ,0, -   ,0, -   ,135,121,89.63,1413,1328,93.98,0,155,23,59,0,0,109,0,0,331,0,0,0,0,0,1,1,100,271,1,0.37,16/12/2025 15:29
162,KALIMANTAN TIMUR,KOTA BONTANG,BONTANG UTARA,BONTANG UTARA II,GUNTUNG,Februari,2025,466,685,297,43.36,297, 43.36 ,297, 43.36 ,685, 100.00 ,150,144,3,0,294, 51.02 ,68, 22.90 ,20, 6.73 ,15, 5.05 ,55, 18.52 ,0,0,24,24,22,91.67,4,4, 100.00 ,0,0, -   ,0, -   ,0, -   ,0, -   ,43,29,67.44,460,303,65.87,0,51,12,19,0,0,39,0,0,91,0,0,0,0,0,1,1,100,83,0,0,3/1/2026 8:18
163,KALIMANTAN TIMUR,KOTA BONTANG,BONTANG BARAT,BONTANG BARAT,KANAAN,Februari,2025,389,260,148,56.92,148, 56.92 ,148, 56.92 ,260, 100.00 ,71,50,27,3,121, 58.68 ,19, 12.84 ,6, 4.05 ,6, 4.50 ,8, 5.41 ,3,100,11,11,8,72.73,2,0, -   ,0,0, -   ,0, -   ,0, -   ,0, -   ,22,15,68.18,221,127,57.47,0,10,24,8,0,0,0,0,0,0,0,0,0,0,0,1,0,0,26,0,0,14/1/2026 6:47
164,KALIMANTAN TIMUR,KOTA BONTANG,BONTANG BARAT,BONTANG BARAT,GUNUNG TELIHAN,Februari,2025,1212,796,457,57.41,457, 57.41 ,457, 57.41 ,796, 100.00 ,145,147,165,7,292, 49.66 ,73, 15.97 ,26, 5.69 ,9, 1.97 ,51, 11.16 ,7,100,36,9,9,100,8,0, -   ,0,0, -   ,0, -   ,0, -   ,0, -   ,71,51,71.83,689,366,53.12,0,60,31,35,0,0,0,0,0,0,0,0,0,0,0,2,0,0,88,1,1.14,19/1/2026 10:58
165,KALIMANTAN TIMUR,KOTA BONTANG,BONTANG BARAT,BONTANG BARAT,BELIMBING,Februari,2025,1237,851,513,60.28,513, 60.28 ,513, 60.28 ,851, 100.00 ,248,161,103,4,409, 60.64 ,89, 17.35 ,9, 1.75 ,20, 3.90 ,44, 8.58 ,4,100,36,19,17,89.47,7,4, 57.14 ,0,0, -   ,0, -   ,0, -   ,0, -   ,62,49,79.03,753,431,57.24,0,66,25,29,0,0,37,0,0,126,0,0,0,0,0,0,0,0,111,0,0,14/1/2026 6:48
166,KALIMANTAN TIMUR,KOTA BONTANG,BONTANG SELATAN,BONTANG LESTARI,BONTANG LESTARI,Januari,2025,440,562,453,80.60,453, 80.60 ,453, 80.60 ,559, 99.47 ,203,200,49,1,403, 50.37 ,123, 27.15 ,49, 10.82 ,5, 1.10 ,103, 22.74 ,1,100,0,0,0,0,6,0, -   ,0,0, -   ,0, -   ,0, -   ,0, -   ,0,0,0,0,0,0,0,64,30,41,0,0,62,0,0,137,0,0,0,0,0,0,0,0,123,0,0,22/1/2026 9:26
167,KALIMANTAN TIMUR,KOTA BONTANG,BONTANG SELATAN,BONTANG SELATAN I,SATIMPO,Januari,2025,781,462,122,26.41,122, 26.41 ,122, 26.41 ,409, 88.53 ,55,47,20,0,102, 53.92 ,19, 15.57 ,4, 3.28 ,0, -   ,11, 9.02 ,0,0,0,0,0,0,3,1, 33.33 ,0,0, -   ,0, -   ,0, -   ,0, -   ,0,0,0,0,0,0,0,11,4,3,0,0,8,0,0,40,0,0,0,0,0,0,0,0,19,0,0,19/12/2025 9:21
168,KALIMANTAN TIMUR,KOTA BONTANG,BONTANG SELATAN,BONTANG SELATAN I,Tanjung Laut,Januari,2025,1537,944,448,47.46,448, 47.46 ,448, 47.46 ,876, 92.80 ,203,143,102,0,346, 58.67 ,95, 21.21 ,28, 6.25 ,26, 5.80 ,63, 14.06 ,0,0,0,0,0,0,13,4, 30.77 ,0,0, -   ,0, -   ,0, -   ,0, -   ,0,0,0,0,0,0,0,63,16,17,0,0,38,0,0,107,0,0,0,0,0,0,0,0,95,0,0,19/12/2025 9:25
169,KALIMANTAN TIMUR,KOTA BONTANG,BONTANG SELATAN,BONTANG SELATAN I,TANJUNG LAUT INDAH,Januari,2025,1324,1008,314,31.15,314, 31.15 ,314, 31.15 ,959, 95.14 ,104,103,103,2,207, 50.24 ,92, 29.30 ,23, 7.32 ,7, 2.23 ,72, 22.93 ,2,100,0,0,0,0,15,4, 26.67 ,0,0, -   ,0, -   ,0, -   ,0, -   ,0,0,0,0,0,0,0,69,12,17,0,0,48,0,0,61,0,0,0,0,0,0,0,0,89,0,0,19/12/2025 9:28
170,KALIMANTAN TIMUR,KOTA BONTANG,BONTANG SELATAN,BONTANG SELATAN II,BEREBAS PANTAI,Januari,2025,949,608,301,49.51,301, 49.51 ,301, 49.51 ,605, 99.51 ,141,146,8,9,287, 49.13 ,86, 28.57 ,17, 5.65 ,7, 2.33 ,52, 17.28 ,7,77.78,0,0,0,0,8,8, 100.00 ,0,0, -   ,0, -   ,0, -   ,0, -   ,0,0,0,0,0,0,0,52,8,16,0,0,38,0,0,97,0,0,0,0,0,0,0,0,86,0,0,29/4/2025 22:43
171,KALIMANTAN TIMUR,KOTA BONTANG,BONTANG SELATAN,BONTANG SELATAN II,BEREBAS TENGAH,Januari,2025,1532,791,614,77.62,614, 77.62 ,614, 77.62 ,788, 99.62 ,316,271,17,14,587, 53.83 ,181, 29.48 ,29, 4.72 ,24, 3.91 ,89, 14.50 ,13,92.86,0,0,0,0,15,9, 60.00 ,0,0, -   ,0, -   ,0, -   ,0, -   ,0,0,0,0,0,0,0,89,7,23,0,0,63,0,0,194,0,0,0,0,0,2,2,100,181,1,0.55,29/4/2025 22:44
172,KALIMANTAN TIMUR,KOTA BONTANG,BONTANG UTARA,BONTANG UTARA I,BONTANG KUALA,Januari,2025,457,353,321,90.93,321, 90.93 ,321, 90.93 ,353, 100.00 ,167,124,26,4,291, 57.39 ,49, 15.26 ,19, 5.92 ,14, 4.36 ,31, 9.66 ,4,100,0,0,0,0,2,1, 50.00 ,0,0, -   ,0, -   ,0, -   ,0, -   ,0,0,0,0,0,0,0,6,0,12,0,0,18,0,0,91,0,0,0,0,0,0,0,0,46,0,0,19/1/2026 23:52
173,KALIMANTAN TIMUR,KOTA BONTANG,BONTANG UTARA,BONTANG UTARA I,BONTANG BARU,Januari,2025,1130,584,484,82.88,484, 82.88 ,484, 82.88 ,583, 99.83 ,261,178,44,3,439, 59.45 ,83, 17.15 ,27, 5.58 ,17, 3.51 ,56, 11.57 ,3,100,0,0,0,0,5,3, 60.00 ,0,0, -   ,0, -   ,0, -   ,0, -   ,0,0,0,0,0,0,0,11,0,27,0,0,34,0,0,128,0,0,0,0,0,0,0,0,74,0,0,19/1/2026 23:55
174,KALIMANTAN TIMUR,KOTA BONTANG,BONTANG UTARA,BONTANG UTARA I,API-API,Januari,2025,1599,749,498,66.49,498, 66.49 ,498, 66.49 ,749, 100.00 ,205,185,108,0,390, 52.56 ,93, 18.67 ,22, 4.42 ,20, 4.02 ,63, 12.65 ,0,0,0,0,0,0,8,1, 12.50 ,0,0, -   ,0, -   ,0, -   ,0, -   ,0,0,0,0,0,0,0,15,0,17,0,0,45,0,0,151,0,0,0,0,0,0,0,0,92,0,0,19/1/2026 23:58
175,KALIMANTAN TIMUR,KOTA BONTANG,BONTANG UTARA,BONTANG UTARA I,GUNUNG ELAI,Januari,2025,1535,772,660,85.49,660, 85.49 ,660, 85.49 ,771, 99.87 ,320,287,50,3,607, 52.72 ,77, 11.67 ,26, 3.94 ,31, 4.70 ,54, 8.18 ,3,100,0,0,0,0,12,4, 33.33 ,0,0, -   ,0, -   ,0, -   ,0, -   ,0,0,0,0,0,0,0,11,0,24,0,0,31,0,0,234,0,0,0,0,0,0,0,0,68,0,0,20/1/2026 0:07
176,KALIMANTAN TIMUR,KOTA BONTANG,BONTANG UTARA,BONTANG UTARA II,LOK TUAN,Januari,2025,1996,1643,819,49.85,819, 49.85 ,819, 49.85 ,1643, 100.00 ,388,418,10,3,806, 48.14 ,200, 24.42 ,70, 8.55 ,23, 2.81 ,150, 18.32 ,3,100,0,0,0,0,20,14, 70.00 ,0,0, -   ,0, -   ,0, -   ,0, -   ,0,0,0,0,0,0,0,150,19,55,0,0,93,0,0,284,0,0,0,0,0,1,1,100,168,1,0.6,16/12/2025 15:28
177,KALIMANTAN TIMUR,KOTA BONTANG,BONTANG UTARA,BONTANG UTARA II,GUNTUNG,Januari,2025,466,673,232,34.47,232, 34.47 ,232, 34.47 ,673, 100.00 ,102,113,17,1,215, 47.44 ,64, 27.59 ,20, 8.62 ,8, 3.45 ,49, 21.12 ,1,100,0,0,0,0,8,6, 75.00 ,0,0, -   ,0, -   ,0, -   ,0, -   ,0,0,0,0,0,0,0,49,8,18,0,0,34,0,0,73,0,0,0,0,0,0,0,0,60,0,0,16/12/2025 15:36
178,KALIMANTAN TIMUR,KOTA BONTANG,BONTANG BARAT,BONTANG BARAT,KANAAN,Januari,2025,389,261,131,50.19,131, 50.19 ,131, 50.19 ,261, 100.00 ,58,42,30,9,100, 58.00 ,18, 13.74 ,6, 4.58 ,3, 2.29 ,9, 6.87 ,9,100,0,0,0,0,1,0, -   ,0,0, -   ,0, -   ,0, -   ,0, -   ,0,0,0,0,0,0,0,8,4,6,0,0,3,0,0,31,0,0,0,0,0,1,1,100,17,0,0,14/1/2026 6:45
179,KALIMANTAN TIMUR,KOTA BONTANG,BONTANG BARAT,BONTANG BARAT,GUNUNG TELIHAN,Januari,2025,1212,797,326,40.90,326, 40.90 ,326, 40.90 ,797, 100.00 ,115,134,73,17,249, 46.18 ,55, 16.87 ,20, 6.13 ,6, 1.84 ,42, 12.88 ,17,100,0,0,0,0,10,0, -   ,0,0, -   ,0, -   ,0, -   ,0, -   ,0,0,0,0,0,0,0,42,8,19,0,0,29,0,0,105,0,0,0,0,0,2,2,100,53,1,1.89,14/1/2026 6:45
180,KALIMANTAN TIMUR,KOTA BONTANG,BONTANG BARAT,BONTANG BARAT,BELIMBING,Januari,2025,1237,856,480,56.07,480, 56.07 ,480, 56.07 ,856, 100.00 ,190,162,127,9,352, 53.98 ,83, 17.29 ,25, 5.21 ,14, 2.92 ,51, 10.63 ,9,100,0,0,0,0,10,4, 40.00 ,0,0, -   ,0, -   ,0, -   ,0, -   ,0,0,0,0,0,0,0,51,12,25,0,0,33,0,0,134,0,0,0,0,0,0,0,0,81,0,0,14/1/2026 6:45
181,KALIMANTAN TIMUR,KOTA BONTANG,BONTANG SELATAN,BONTANG LESTARI,BONTANG LESTARI,Maret,2026,,,550,,,,,,,,,,,,,,116,21.09,37,6.73,18,3.27,99,18.00,,,,,,,,,,,,,,,,,,,,,,,,,,,,,,,,,,,,,,,,,,,,,,
182,KALIMANTAN TIMUR,KOTA BONTANG,BONTANG SELATAN,BONTANG SELATAN I,SATIMPO,Maret,2026,,,153,,,,,,,,,,,,,,29,18.95,4,2.61,3,1.96,15,9.80,,,,,,,,,,,,,,,,,,,,,,,,,,,,,,,,,,,,,,,,,,,,,,
183,KALIMANTAN TIMUR,KOTA BONTANG,BONTANG SELATAN,BONTANG SELATAN I,Tanjung Laut,Maret,2026,,,677,,,,,,,,,,,,,,153,22.60,39,5.76,18,2.66,95,14.03,,,,,,,,,,,,,,,,,,,,,,,,,,,,,,,,,,,,,,,,,,,,,,
184,KALIMANTAN TIMUR,KOTA BONTANG,BONTANG SELATAN,BONTANG SELATAN I,TANJUNG LAUT INDAH,Maret,2026,,,632,,,,,,,,,,,,,,166,26.27,50,7.91,27,4.27,123,19.46,,,,,,,,,,,,,,,,,,,,,,,,,,,,,,,,,,,,,,,,,,,,,,
185,KALIMANTAN TIMUR,KOTA BONTANG,BONTANG SELATAN,BONTANG SELATAN II,BEREBAS PANTAI,Maret,2026,,,379,,,,,,,,,,,,,,78,20.58,18,4.75,9,2.37,54,14.25,,,,,,,,,,,,,,,,,,,,,,,,,,,,,,,,,,,,,,,,,,,,,,
186,KALIMANTAN TIMUR,KOTA BONTANG,BONTANG SELATAN,BONTANG SELATAN II,BEREBAS TENGAH,Maret,2026,,,519,,,,,,,,,,,,,,116,22.35,42,8.09,16,3.08,85,16.38,,,,,,,,,,,,,,,,,,,,,,,,,,,,,,,,,,,,,,,,,,,,,,
187,KALIMANTAN TIMUR,KOTA BONTANG,BONTANG UTARA,BONTANG UTARA I,BONTANG KUALA,Maret,2026,,,370,,,,,,,,,,,,,,50,13.51,26,7.03,15,4.05,52,14.05,,,,,,,,,,,,,,,,,,,,,,,,,,,,,,,,,,,,,,,,,,,,,,
188,KALIMANTAN TIMUR,KOTA BONTANG,BONTANG UTARA,BONTANG UTARA I,BONTANG BARU,Maret,2026,,,532,,,,,,,,,,,,,,95,17.86,26,4.89,33,6.20,56,10.53,,,,,,,,,,,,,,,,,,,,,,,,,,,,,,,,,,,,,,,,,,,,,,
189,KALIMANTAN TIMUR,KOTA BONTANG,BONTANG UTARA,BONTANG UTARA I,API-API,Maret,2026,,,684,,,,,,,,,,,,,,133,19.44,32,4.68,18,2.63,95,13.89,,,,,,,,,,,,,,,,,,,,,,,,,,,,,,,,,,,,,,,,,,,,,,
190,KALIMANTAN TIMUR,KOTA BONTANG,BONTANG UTARA,BONTANG UTARA I,GUNUNG ELAI,Maret,2026,,,731,,,,,,,,,,,,,,107,14.64,27,3.69,39,5.34,61,8.34,,,,,,,,,,,,,,,,,,,,,,,,,,,,,,,,,,,,,,,,,,,,,,
191,KALIMANTAN TIMUR,KOTA BONTANG,BONTANG UTARA,BONTANG UTARA II,LOK TUAN,Maret,2026,,,906,,,,,,,,,,,,,,228,25.17,62,6.84,29,3.20,146,16.11,,,,,,,,,,,,,,,,,,,,,,,,,,,,,,,,,,,,,,,,,,,,,,
192,KALIMANTAN TIMUR,KOTA BONTANG,BONTANG UTARA,BONTANG UTARA II,GUNTUNG,Maret,2026,,,360,,,,,,,,,,,,,,68,18.89,16,4.44,9,2.50,48,13.33,,,,,,,,,,,,,,,,,,,,,,,,,,,,,,,,,,,,,,,,,,,,,,
193,KALIMANTAN TIMUR,KOTA BONTANG,BONTANG BARAT,BONTANG BARAT,KANAAN,Maret,2026,,,273,,,,,,,,,,,,,,26,9.52,6,2.20,10,3.66,14,5.13,,,,,,,,,,,,,,,,,,,,,,,,,,,,,,,,,,,,,,,,,,,,,,
194,KALIMANTAN TIMUR,KOTA BONTANG,BONTANG BARAT,BONTANG BARAT,GUNUNG TELIHAN,Maret,2026,,,729,,,,,,,,,,,,,,106,14.54,29,3.98,22,3.02,65,8.92,,,,,,,,,,,,,,,,,,,,,,,,,,,,,,,,,,,,,,,,,,,,,,
195,KALIMANTAN TIMUR,KOTA BONTANG,BONTANG BARAT,BONTANG BARAT,BELIMBING,Maret,2026,,,754,,,,,,,,,,,,,,0,0.00,21,2.79,41,5.44,54,7.16,,,,,,,,,,,,,,,,,,,,,,,,,,,,,,,,,,,,,,,,,,,,,,
196,KALIMANTAN TIMUR,KOTA BONTANG,BONTANG SELATAN,BONTANG LESTARI,BONTANG LESTARI,Februari,2026,,,543,,,,,,,,,,,,,,117,21.55,38,7.00,11,2.03,103,18.97,,,,,,,,,,,,,,,,,,,,,,,,,,,,,,,,,,,,,,,,,,,,,,
197,KALIMANTAN TIMUR,KOTA BONTANG,BONTANG SELATAN,BONTANG SELATAN I,SATIMPO,Februari,2026,,,217,,,,,,,,,,,,,,42,19.35,3,1.38,10,4.61,18,8.29,,,,,,,,,,,,,,,,,,,,,,,,,,,,,,,,,,,,,,,,,,,,,,
198,KALIMANTAN TIMUR,KOTA BONTANG,BONTANG SELATAN,BONTANG SELATAN I,Tanjung Laut,Februari,2026,,,721,,,,,,,,,,,,,,168,23.30,48,6.66,14,1.94,119,16.50,,,,,,,,,,,,,,,,,,,,,,,,,,,,,,,,,,,,,,,,,,,,,,
199,KALIMANTAN TIMUR,KOTA BONTANG,BONTANG SELATAN,BONTANG SELATAN I,TANJUNG LAUT INDAH,Februari,2026,,,693,,,,,,,,,,,,,,182,26.26,52,7.50,24,3.46,133,19.19,,,,,,,,,,,,,,,,,,,,,,,,,,,,,,,,,,,,,,,,,,,,,,
200,KALIMANTAN TIMUR,KOTA BONTANG,BONTANG SELATAN,BONTANG SELATAN II,BEREBAS PANTAI,Februari,2026,,,319,,,,,,,,,,,,,,72,22.57,15,4.70,12,3.76,49,15.36,,,,,,,,,,,,,,,,,,,,,,,,,,,,,,,,,,,,,,,,,,,,,,
201,KALIMANTAN TIMUR,KOTA BONTANG,BONTANG SELATAN,BONTANG SELATAN II,BEREBAS TENGAH,Februari,2026,,,556,,,,,,,,,,,,,,140,25.18,31,5.58,23,4.14,93,16.73,,,,,,,,,,,,,,,,,,,,,,,,,,,,,,,,,,,,,,,,,,,,,,
202,KALIMANTAN TIMUR,KOTA BONTANG,BONTANG UTARA,BONTANG UTARA I,BONTANG KUALA,Februari,2026,,,356,,,,,,,,,,,,,,45,12.64,24,6.74,11,3.09,41,11.52,,,,,,,,,,,,,,,,,,,,,,,,,,,,,,,,,,,,,,,,,,,,,,
203,KALIMANTAN TIMUR,KOTA BONTANG,BONTANG UTARA,BONTANG UTARA I,BONTANG BARU,Februari,2026,,,539,,,,,,,,,,,,,,83,15.40,33,6.12,34,6.31,57,10.58,,,,,,,,,,,,,,,,,,,,,,,,,,,,,,,,,,,,,,,,,,,,,,
204,KALIMANTAN TIMUR,KOTA BONTANG,BONTANG UTARA,BONTANG UTARA I,API-API,Februari,2026,,,685,,,,,,,,,,,,,,117,17.08,42,6.13,13,1.90,87,12.70,,,,,,,,,,,,,,,,,,,,,,,,,,,,,,,,,,,,,,,,,,,,,,
205,KALIMANTAN TIMUR,KOTA BONTANG,BONTANG UTARA,BONTANG UTARA I,GUNUNG ELAI,Februari,2026,,,790,,,,,,,,,,,,,,116,14.68,27,3.42,39,4.94,74,9.37,,,,,,,,,,,,,,,,,,,,,,,,,,,,,,,,,,,,,,,,,,,,,,
206,KALIMANTAN TIMUR,KOTA BONTANG,BONTANG UTARA,BONTANG UTARA II,LOK TUAN,Februari,2026,,,1097,,,,,,,,,,,,,,258,23.52,78,7.11,39,3.56,184,16.77,,,,,,,,,,,,,,,,,,,,,,,,,,,,,,,,,,,,,,,,,,,,,,
207,KALIMANTAN TIMUR,KOTA BONTANG,BONTANG UTARA,BONTANG UTARA II,GUNTUNG,Februari,2026,,,377,,,,,,,,,,,,,,84,22.28,21,5.57,11,2.92,60,15.92,,,,,,,,,,,,,,,,,,,,,,,,,,,,,,,,,,,,,,,,,,,,,,
208,KALIMANTAN TIMUR,KOTA BONTANG,BONTANG BARAT,BONTANG BARAT,KANAAN,Februari,2026,,,277,,,,,,,,,,,,,,30,10.83,6,2.17,5,1.81,12,4.33,,,,,,,,,,,,,,,,,,,,,,,,,,,,,,,,,,,,,,,,,,,,,,
209,KALIMANTAN TIMUR,KOTA BONTANG,BONTANG BARAT,BONTANG BARAT,GUNUNG TELIHAN,Februari,2026,,,722,,,,,,,,,,,,,,114,15.79,24,3.32,23,3.19,71,9.83,,,,,,,,,,,,,,,,,,,,,,,,,,,,,,,,,,,,,,,,,,,,,,
210,KALIMANTAN TIMUR,KOTA BONTANG,BONTANG BARAT,BONTANG BARAT,BELIMBING,Februari,2026,,,763,,,,,,,,,,,,,,109,14.29,29,3.80,37,4.85,60,7.86,,,,,,,,,,,,,,,,,,,,,,,,,,,,,,,,,,,,,,,,,,,,,,
211,KALIMANTAN TIMUR,KOTA BONTANG,BONTANG SELATAN,BONTANG LESTARI,BONTANG LESTARI,Januari,2026,,,529,,,,,,,,,,,,,,119,22.50,36,6.81,11,2.08,100,18.90,,,,,,,,,,,,,,,,,,,,,,,,,,,,,,,,,,,,,,,,,,,,,,
212,KALIMANTAN TIMUR,KOTA BONTANG,BONTANG SELATAN,BONTANG SELATAN I,SATIMPO,Januari,2026,,,175,,,,,,,,,,,,,,41,23.43,8,4.57,5,2.86,19,10.86,,,,,,,,,,,,,,,,,,,,,,,,,,,,,,,,,,,,,,,,,,,,,,
213,KALIMANTAN TIMUR,KOTA BONTANG,BONTANG SELATAN,BONTANG SELATAN I,Tanjung Laut,Januari,2026,,,711,,,,,,,,,,,,,,178,25.04,40,5.63,22,3.09,106,14.91,,,,,,,,,,,,,,,,,,,,,,,,,,,,,,,,,,,,,,,,,,,,,,
214,KALIMANTAN TIMUR,KOTA BONTANG,BONTANG SELATAN,BONTANG SELATAN I,TANJUNG LAUT INDAH,Januari,2026,,,599,,,,,,,,,,,,,,170,28.38,38,6.34,17,2.84,126,21.04,,,,,,,,,,,,,,,,,,,,,,,,,,,,,,,,,,,,,,,,,,,,,,
215,KALIMANTAN TIMUR,KOTA BONTANG,BONTANG SELATAN,BONTANG SELATAN II,BEREBAS PANTAI,Januari,2026,,,307,,,,,,,,,,,,,,65,21.17,13,4.23,9,2.93,44,14.33,,,,,,,,,,,,,,,,,,,,,,,,,,,,,,,,,,,,,,,,,,,,,,
216,KALIMANTAN TIMUR,KOTA BONTANG,BONTANG SELATAN,BONTANG SELATAN II,BEREBAS TENGAH,Januari,2026,,,467,,,,,,,,,,,,,,108,23.13,28,6.00,17,3.64,77,16.49,,,,,,,,,,,,,,,,,,,,,,,,,,,,,,,,,,,,,,,,,,,,,,
217,KALIMANTAN TIMUR,KOTA BONTANG,BONTANG UTARA,BONTANG UTARA I,BONTANG KUALA,Januari,2026,,,339,,,,,,,,,,,,,,36,10.62,19,5.60,6,1.77,38,11.21,,,,,,,,,,,,,,,,,,,,,,,,,,,,,,,,,,,,,,,,,,,,,,
218,KALIMANTAN TIMUR,KOTA BONTANG,BONTANG UTARA,BONTANG UTARA I,BONTANG BARU,Januari,2026,,,536,,,,,,,,,,,,,,96,17.91,31,5.78,33,6.16,57,10.63,,,,,,,,,,,,,,,,,,,,,,,,,,,,,,,,,,,,,,,,,,,,,,
219,KALIMANTAN TIMUR,KOTA BONTANG,BONTANG UTARA,BONTANG UTARA I,API-API,Januari,2026,,,637,,,,,,,,,,,,,,116,18.21,33,5.18,19,2.98,88,13.81,,,,,,,,,,,,,,,,,,,,,,,,,,,,,,,,,,,,,,,,,,,,,,
220,KALIMANTAN TIMUR,KOTA BONTANG,BONTANG UTARA,BONTANG UTARA I,GUNUNG ELAI,Januari,2026,,,770,,,,,,,,,,,,,,112,14.55,23,2.99,36,4.68,70,9.09,,,,,,,,,,,,,,,,,,,,,,,,,,,,,,,,,,,,,,,,,,,,,,
221,KALIMANTAN TIMUR,KOTA BONTANG,BONTANG UTARA,BONTANG UTARA II,LOK TUAN,Januari,2026,,,1058,,,,,,,,,,,,,,236,22.31,90,8.51,35,3.31,183,17.30,,,,,,,,,,,,,,,,,,,,,,,,,,,,,,,,,,,,,,,,,,,,,,
222,KALIMANTAN TIMUR,KOTA BONTANG,BONTANG UTARA,BONTANG UTARA II,GUNTUNG,Januari,2026,,,358,,,,,,,,,,,,,,85,23.74,19,5.31,12,3.35,54,15.08,,,,,,,,,,,,,,,,,,,,,,,,,,,,,,,,,,,,,,,,,,,,,,
223,KALIMANTAN TIMUR,KOTA BONTANG,BONTANG BARAT,BONTANG BARAT,KANAAN,Januari,2026,,,238,,,,,,,,,,,,,,21,8.82,5,2.10,8,3.36,11,4.62,,,,,,,,,,,,,,,,,,,,,,,,,,,,,,,,,,,,,,,,,,,,,,
224,KALIMANTAN TIMUR,KOTA BONTANG,BONTANG BARAT,BONTANG BARAT,GUNUNG TELIHAN,Januari,2026,,,704,,,,,,,,,,,,,,108,15.34,23,3.27,26,3.69,74,10.51,,,,,,,,,,,,,,,,,,,,,,,,,,,,,,,,,,,,,,,,,,,,,,
225,KALIMANTAN TIMUR,KOTA BONTANG,BONTANG BARAT,BONTANG BARAT,BELIMBING,Januari,2026,,,713,,,,,,,,,,,,,,97,13.60,21,2.95,25,3.51,54,7.57,,,,,,,,,,,,,,,,,,,,,,,,,,,,,,,,,,,,,,,,,,,,,,
